-- phpMyAdmin SQL Dump
-- version 4.6.5.2
-- https://www.phpmyadmin.net/
--
-- Host: 127.0.0.1
-- Generation Time: 2017-05-19 18:08:05
-- 服务器版本： 10.1.21-MariaDB
-- PHP Version: 5.6.30

SET SQL_MODE = "NO_AUTO_VALUE_ON_ZERO";
SET time_zone = "+00:00";


/*!40101 SET @OLD_CHARACTER_SET_CLIENT=@@CHARACTER_SET_CLIENT */;
/*!40101 SET @OLD_CHARACTER_SET_RESULTS=@@CHARACTER_SET_RESULTS */;
/*!40101 SET @OLD_COLLATION_CONNECTION=@@COLLATION_CONNECTION */;
/*!40101 SET NAMES utf8mb4 */;

--
-- Database: `fancai`
--
CREATE DATABASE IF NOT EXISTS `fancai` DEFAULT CHARACTER SET utf8 COLLATE utf8_general_ci;
USE `fancai`;

-- --------------------------------------------------------

--
-- 表的结构 `ad_photo`
--

CREATE TABLE `ad_photo` (
  `id` int(10) NOT NULL,
  `order_id` int(10) NOT NULL
) ENGINE=InnoDB DEFAULT CHARSET=utf8;

--
-- 转存表中的数据 `ad_photo`
--

INSERT INTO `ad_photo` (`id`, `order_id`) VALUES
(1, 73),
(6, 71),
(7, 76);

-- --------------------------------------------------------

--
-- 表的结构 `address_manager`
--

CREATE TABLE `address_manager` (
  `id` int(11) NOT NULL COMMENT '编号',
  `name` varchar(100) NOT NULL COMMENT '姓名',
  `phone` varchar(20) NOT NULL COMMENT '手机号',
  `area` varchar(100) NOT NULL COMMENT '地区',
  `community` varchar(100) NOT NULL COMMENT '社区',
  `address` varchar(255) NOT NULL COMMENT '详细地址',
  `user_token` varchar(100) NOT NULL COMMENT '用户令牌',
  `status` tinyint(4) NOT NULL DEFAULT '0'
) ENGINE=InnoDB DEFAULT CHARSET=utf8;

--
-- 转存表中的数据 `address_manager`
--

INSERT INTO `address_manager` (`id`, `name`, `phone`, `area`, `community`, `address`, `user_token`, `status`) VALUES
(2, '明', '2147483647', '韶关', '梅花坪阶头', '坪阶头', 'MTg5NDI0MzM5Mjc=', 0),
(3, '123', '2147483647', '广东佛山', '佛职院', '职教路3', 'MTg5NDI0MzM5Mjc=', 0),
(4, '急急急', '5555556', '推荐', '可口可乐', '黑龙江寂寞', 'MTIz', 0),
(5, 'Test', '123456789', '123', '12', '123', 'MTIz', 0),
(6, '李雷', '17606678841', '广东省佛山市三水区乐平镇职教路', '佛职小区', 'D325', 'MTc2MDY2Nzg4NDE=', 0),
(7, 'Tom', '13714798167', '佛职院', '佛职院', '广东省佛山市三水区乐平镇职教路3号', 'MTM3MTQ3OTgxNjc=', 0),
(8, '黎合明', '18942433927', '广东佛山', '佛职小区', 'D栋552', 'MTc2ODgyNDQ1NTA=', 0);

-- --------------------------------------------------------

--
-- 表的结构 `eat_food`
--

CREATE TABLE `eat_food` (
  `id` int(10) NOT NULL COMMENT '菜品编号',
  `food_name` varchar(100) NOT NULL COMMENT '菜品名',
  `food_size` tinyint(1) NOT NULL COMMENT '大中小份量012标识',
  `food_num` tinyint(4) NOT NULL COMMENT '吃饭份量',
  `food_id` int(30) NOT NULL,
  `creat_time` datetime NOT NULL DEFAULT CURRENT_TIMESTAMP
) ENGINE=InnoDB DEFAULT CHARSET=utf8;

--
-- 转存表中的数据 `eat_food`
--

INSERT INTO `eat_food` (`id`, `food_name`, `food_size`, `food_num`, `food_id`, `creat_time`) VALUES
(103, '红烧茄子', 0, 2, 1492176146, '2017-04-14 21:22:26'),
(104, '烧鸭腿', 0, 3, 1492176146, '2017-04-14 21:22:26'),
(105, '烧鸡腿', 0, 4, 1492176146, '2017-04-14 21:22:26'),
(117, '橘子', 0, 4, 1492850695, '2017-04-22 16:44:55'),
(118, '苹果', 0, 2, 1492853496, '2017-04-22 17:31:36'),
(119, '香蕉', 0, 3, 1492853496, '2017-04-22 17:31:36'),
(120, '橘子', 0, 4, 1492853496, '2017-04-22 17:31:36'),
(121, '苹果', 0, 2, 1492929565, '2017-04-23 14:39:25'),
(122, '香蕉', 0, 3, 1492929565, '2017-04-23 14:39:25'),
(128, '香蕉', 0, 3, 1492929699, '2017-04-23 14:41:39'),
(129, '橘子', 0, 4, 1492929699, '2017-04-23 14:41:39'),
(130, '苹果', 0, 2, 1492931314, '2017-04-23 15:08:34'),
(131, '香蕉', 0, 3, 1492931314, '2017-04-23 15:08:34'),
(132, '橘子', 0, 4, 1492931314, '2017-04-23 15:08:34'),
(133, '苹果', 0, 2, 1492931735, '2017-04-23 15:15:35'),
(134, '香蕉', 0, 3, 1492931735, '2017-04-23 15:15:35'),
(135, '橘子', 0, 4, 1492931735, '2017-04-23 15:15:35'),
(136, '苹果', 0, 2, 1492931853, '2017-04-23 15:17:33'),
(137, '香蕉', 0, 3, 1492931853, '2017-04-23 15:17:33'),
(138, '橘子', 0, 4, 1492931853, '2017-04-23 15:17:33'),
(139, '苹果', 0, 2, 1492931985, '2017-04-23 15:19:45'),
(140, '香蕉', 0, 3, 1492931985, '2017-04-23 15:19:45'),
(141, '橘子', 0, 4, 1492931985, '2017-04-23 15:19:45'),
(142, '苹果', 0, 2, 1492931993, '2017-04-23 15:19:53'),
(143, '香蕉', 0, 3, 1492931993, '2017-04-23 15:19:54'),
(144, '橘子', 0, 4, 1492931993, '2017-04-23 15:19:54'),
(145, '高级经理', 0, 1, 1492932096, '2017-04-23 15:21:36'),
(146, '苹果', 0, 2, 1492932221, '2017-04-23 15:23:41'),
(147, '香蕉', 0, 3, 1492932221, '2017-04-23 15:23:41'),
(148, '橘子', 0, 4, 1492932221, '2017-04-23 15:23:41'),
(149, '高级经理', 0, 1, 1492932247, '2017-04-23 15:24:07'),
(150, '高级经理', 0, 1, 1492932446, '2017-04-23 15:27:26'),
(151, '苹果', 0, 3, 1492933846, '2017-04-23 15:50:46'),
(152, '香蕉', 1, 3, 1492933846, '2017-04-23 15:50:46'),
(153, '橘子', 2, 4, 1492933846, '2017-04-23 15:50:46'),
(154, '牛肉', 0, 1, 1492934217, '2017-04-23 15:56:57'),
(155, '牛肉', 0, 1, 1492934235, '2017-04-23 15:57:15'),
(156, '牛肉', 0, 1, 1492934256, '2017-04-23 15:57:36'),
(157, '贴图', 0, 1, 1492934465, '2017-04-23 16:01:05'),
(158, '苹果', 0, 3, 1492935544, '2017-04-23 16:19:04'),
(159, '香蕉', 1, 3, 1492935544, '2017-04-23 16:19:04'),
(160, '橘子', 2, 4, 1492935544, '2017-04-23 16:19:04'),
(161, '苹果', 0, 3, 1493001868, '2017-04-24 10:44:28'),
(162, '香蕉', 1, 3, 1493001868, '2017-04-24 10:44:28'),
(163, '橘子', 2, 4, 1493001868, '2017-04-24 10:44:28'),
(164, '烧鸡', 0, 3, 1493001941, '2017-04-24 10:45:41'),
(165, '烧鸭', 1, 3, 1493001941, '2017-04-24 10:45:41'),
(166, '烧鹅', 2, 4, 1493001941, '2017-04-24 10:45:41'),
(167, '老虎', 0, 3, 1493108226, '2017-04-25 16:17:06'),
(168, '狮子', 1, 3, 1493108226, '2017-04-25 16:17:06'),
(169, '猎豹', 2, 4, 1493108226, '2017-04-25 16:17:06'),
(170, '老虎', 0, 3, 1493108231, '2017-04-25 16:17:11'),
(171, '狮子', 1, 3, 1493108231, '2017-04-25 16:17:11'),
(172, '猎豹', 2, 4, 1493108231, '2017-04-25 16:17:11'),
(173, '紫菜', 0, 3, 1493190182, '2017-04-26 15:03:02'),
(174, '青菜', 1, 3, 1493190182, '2017-04-26 15:03:02'),
(175, '白菜', 2, 4, 1493190182, '2017-04-26 15:03:02'),
(176, '紫菜', 0, 3, 1493190185, '2017-04-26 15:03:05'),
(177, '青菜', 1, 3, 1493190185, '2017-04-26 15:03:05'),
(178, '白菜', 2, 4, 1493190185, '2017-04-26 15:03:05'),
(179, '紫菜', 0, 3, 1493190190, '2017-04-26 15:03:10'),
(180, '青菜', 1, 3, 1493190190, '2017-04-26 15:03:10'),
(181, '白菜', 2, 4, 1493190190, '2017-04-26 15:03:10'),
(182, '紫菜', 0, 3, 1493190397, '2017-04-26 15:06:37'),
(183, '青菜', 1, 3, 1493190397, '2017-04-26 15:06:37'),
(184, '白菜', 2, 4, 1493190397, '2017-04-26 15:06:37'),
(185, '3333', 2, 1, 1493271557, '2017-04-27 13:39:17'),
(186, '123', 1, 1, 1493282863, '2017-04-27 16:47:43'),
(187, '烧鸭腿', 1, 2, 1493648986, '2017-05-01 22:29:46'),
(188, '烧鸡', 1, 2, 1493648986, '2017-05-01 22:29:46'),
(189, '水果', 2, 2, 1493648986, '2017-05-01 22:29:46'),
(190, '23456', 2, 2, 1493687877, '2017-05-02 09:17:57'),
(191, '鸡腿', 1, 1, 1493816106, '2017-05-03 20:55:06'),
(192, '二他天天', 0, 1, 1494071827, '2017-05-06 19:57:07'),
(193, '我要吃饭', 1, 1, 1494990153, '2017-05-17 11:02:35'),
(194, '烧鸡', 0, 1, 1495008952, '2017-05-17 16:15:52'),
(195, '荷包蛋', 0, 1, 1495009507, '2017-05-17 16:25:07'),
(196, '炒白菜', 0, 1, 1495009561, '2017-05-17 16:26:01'),
(197, '炒牛肉', 0, 1, 1495009645, '2017-05-17 16:27:25'),
(198, '炒牛肉', 1, 1, 1495009645, '2017-05-17 16:27:25'),
(199, '烧鸡', 0, 1, 1495013593, '2017-05-17 17:33:13'),
(200, '烧鸡', 0, 1, 1495014126, '2017-05-17 17:42:06'),
(201, '烧鸡', 0, 1, 1495014267, '2017-05-17 17:44:27'),
(202, '宫保鸡丁', 1, 1, 1495022977, '2017-05-17 20:09:37'),
(203, '鱼香肉丝', 0, 1, 1495022977, '2017-05-17 20:09:37'),
(204, '芥蓝炒肉', 1, 1, 1495022977, '2017-05-17 20:09:37'),
(205, '1', 0, 1, 1495023025, '2017-05-17 20:10:25'),
(206, '红烧带鱼', 1, 1, 1495023333, '2017-05-17 20:15:33'),
(207, '五香牛肉', 1, 1, 1495023333, '2017-05-17 20:15:33'),
(208, '八宝鸭', 2, 1, 1495023333, '2017-05-17 20:15:33'),
(209, '杏油乌鸡煲', 2, 1, 1495023548, '2017-05-17 20:19:08'),
(210, '干菜炒河虾', 1, 1, 1495023548, '2017-05-17 20:19:09'),
(211, '双椒蒸鱼头', 1, 1, 1495023548, '2017-05-17 20:19:09'),
(212, '北京烤鸭', 2, 1, 1495024518, '2017-05-17 20:35:18'),
(213, '油麦菜', 1, 1, 1495024518, '2017-05-17 20:35:18'),
(214, '茉莉茶香骨', 1, 1, 1495024518, '2017-05-17 20:35:18'),
(215, '123', 1, 1, 1495026641, '2017-05-17 21:10:41'),
(216, '123', 0, 1, 1495026712, '2017-05-17 21:11:52'),
(217, '番茄炒蛋', 2, 1, 1495029274, '2017-05-17 21:54:34'),
(218, '酱香猪蹄', 1, 1, 1495029274, '2017-05-17 21:54:34'),
(219, '香辣藕片', 1, 1, 1495029274, '2017-05-17 21:54:34'),
(220, '麻辣豆腐', 0, 1, 1495075746, '2017-05-18 10:49:08'),
(221, '麻辣豆腐', 1, 1, 1495075746, '2017-05-18 10:49:08'),
(222, '麻辣豆腐', 0, 1, 1495075834, '2017-05-18 10:50:34'),
(223, '红烧排骨', 0, 1, 1495076090, '2017-05-18 10:54:50'),
(224, '红烧肉', 0, 1, 1495076355, '2017-05-18 10:59:15'),
(225, '红烧肉', 0, 1, 1495078280, '2017-05-18 11:31:20'),
(226, '烧鸡', 2, 1, 1495079363, '2017-05-18 11:49:23'),
(227, '宫保鸡丁', 0, 1, 1495084805, '2017-05-18 13:20:05'),
(228, '烧鸡', 1, 1, 1495085553, '2017-05-18 13:32:33'),
(229, '滴滴', 1, 1, 1495086289, '2017-05-18 13:44:49'),
(230, '烧鸡', 1, 1, 1495092909, '2017-05-18 15:35:09'),
(231, '烧鸡', 0, 1, 1495095067, '2017-05-18 16:11:07'),
(232, '烧鸡', 1, 1, 1495112471, '2017-05-18 21:01:11'),
(233, '蛋炒饭', 1, 1, 1495114026, '2017-05-18 21:27:06'),
(234, '烧鸡', 0, 1, 1495115352, '2017-05-18 21:49:12');

-- --------------------------------------------------------

--
-- 表的结构 `eat_order`
--

CREATE TABLE `eat_order` (
  `order_id` int(10) NOT NULL COMMENT '订单编号',
  `order_title` varchar(100) NOT NULL COMMENT '订单标题',
  `food_id` int(25) NOT NULL COMMENT '菜品编号',
  `eatStrArr` varchar(255) NOT NULL,
  `order_price` double NOT NULL,
  `order_type` tinyint(1) NOT NULL COMMENT '订单类型',
  `order_res_time` time DEFAULT '60:00:00' COMMENT '订单响应时间',
  `order_expect_time` time NOT NULL DEFAULT '00:00:00',
  `order_note` varchar(255) DEFAULT NULL COMMENT '订单备注',
  `order_pub_time` datetime NOT NULL DEFAULT CURRENT_TIMESTAMP COMMENT '订单发布时间',
  `user_token` varchar(100) NOT NULL COMMENT '订单发布用户',
  `cook_user_token` varchar(100) DEFAULT NULL,
  `order_status` tinyint(4) NOT NULL DEFAULT '1',
  `order_comment` varchar(255) DEFAULT NULL,
  `order_Cookcomment` varchar(255) DEFAULT NULL
) ENGINE=InnoDB DEFAULT CHARSET=utf8;

--
-- 转存表中的数据 `eat_order`
--

INSERT INTO `eat_order` (`order_id`, `order_title`, `food_id`, `eatStrArr`, `order_price`, `order_type`, `order_res_time`, `order_expect_time`, `order_note`, `order_pub_time`, `user_token`, `cook_user_token`, `order_status`, `order_comment`, `order_Cookcomment`) VALUES
(59, 'eat food', 1492935544, '苹果comma0comma3period香蕉comma1comma3period橘子comma2comma4', 150, 1, '25:25:25', '30:30:30', 'do quick', '2017-04-23 16:19:04', 'MTIz', 'MTIzNA==', 3, '不错的厨师噢', '这位客户人也很好噢'),
(60, 'eat food', 1493001868, '苹果comma0comma3period香蕉comma1comma3period橘子comma2comma4', 150, 1, '25:25:25', '30:30:30', 'do quick', '2017-04-24 10:44:28', 'MTIz', 'MTIz', 3, 'hello world', 'hell php'),
(61, '我要吃饭', 1493001941, '烧鸡comma0comma3period烧鸭comma1comma3period烧鹅comma2comma4', 250, 1, '25:25:25', '30:30:30', 'do quick', '2017-04-24 10:45:41', 'MTIz', 'MTIz', 3, '', ''),
(62, 'eat food', 1493108226, '老虎comma0comma3period狮子comma1comma3period猎豹comma2comma4', 150, 1, '25:25:25', '30:30:30', 'do quick', '2017-04-25 16:17:06', 'MTIz', 'MTIz', 2, '不错哦', ''),
(63, 'eat food', 1493108231, '老虎comma0comma3period狮子comma1comma3period猎豹comma2comma4', 150, 1, '25:25:25', '30:30:30', 'do quick', '2017-04-25 16:17:11', 'MTIz', 'MTIzNA==', 3, '', ''),
(64, 'eat food', 1493190182, '紫菜comma0comma3period青菜comma1comma3period白菜comma2comma4', 150, 1, '25:25:25', '30:30:30', 'do quick', '2017-04-26 15:03:02', 'MTIz', 'MTIz', 2, NULL, NULL),
(65, 'eat food', 1493190185, '紫菜comma0comma3period青菜comma1comma3period白菜comma2comma4', 150, 1, '25:25:25', '30:30:30', 'do quick', '2017-04-26 15:03:05', 'MTIz', 'MTIz', 0, NULL, NULL),
(66, 'eat food', 1493190190, '紫菜comma0comma3period青菜comma1comma3period白菜comma2comma4', 150, 1, '25:25:25', '30:30:30', 'do quick', '2017-04-26 15:03:10', 'MTIz', 'MTIz', 2, NULL, NULL),
(67, 'eat food', 1493190397, '紫菜comma0comma3period青菜comma1comma3period白菜comma2comma4', 150, 1, '25:25:25', '30:30:30', 'do quick', '2017-04-26 15:06:37', 'MTIz', 'MTIz', 0, NULL, NULL),
(68, '123', 1493271557, '3333comma2comma1', 25, 1, '00:30:00', '01:01:00', '123', '2017-04-27 13:39:17', 'MTIz', NULL, 0, NULL, NULL),
(69, '123', 1493282863, '123comma1comma1', 123, 1, '01:00:00', '01:01:00', '123', '2017-04-27 16:47:43', 'MTIz', 'MTIz', 2, NULL, NULL),
(70, '我要好多好吃的', 1493648986, '烧鸭腿comma1comma2period烧鸡comma1comma2period水果comma2comma2', 1000, 1, '01:30:00', '19:01:00', '尽量快点做噢', '2017-05-01 22:29:46', 'MTIz', 'MTIz', 2, NULL, NULL),
(71, '123', 1493687877, '23456comma2comma2', 23, 2, '00:30:00', '01:01:00', '123', '2017-05-02 09:17:57', 'MTIz', NULL, 0, NULL, NULL),
(72, '我要吃鸡腿', 1493816106, '鸡腿comma1comma1', 400, 2, '04:30:00', '16:01:00', '尽量快点做噢', '2017-05-03 20:55:06', 'MTIz', 'MTIz', 2, NULL, NULL),
(73, '1233', 1494071827, '二他天天comma0comma1', 480, 0, '01:30:00', '07:01:00', '5555', '2017-05-06 19:57:07', 'MTIz', NULL, 0, NULL, NULL),
(74, '我要吃饭', 1494990153, '我要吃饭comma1comma1', 580, 1, '01:30:00', '24:01:00', '备注', '2017-05-17 11:02:35', 'MTM0MzM0NDcxMjQ=', NULL, 0, NULL, NULL),
(75, '我要吃烧鸡', 1495008952, '烧鸡comma0comma1', 50, 1, '01:00:00', '22:01:00', '做快点', '2017-05-17 16:15:52', 'MTIz', 'MTIz', 2, NULL, NULL),
(76, '订做午餐', 1495009507, '荷包蛋comma0comma1', 50, 0, '01:00:00', '01:01:00', '尽快', '2017-05-17 16:25:07', 'MTIz', 'MTM0MzM0NDcxMjQ=', 2, NULL, NULL),
(77, '订做晚餐', 1495009561, '炒白菜comma0comma1', 60, 0, '00:30:00', '01:01:00', '尽快', '2017-05-17 16:26:01', 'MTIz', 'MTc2MDY2Nzg4NDE=', 2, NULL, NULL),
(78, '订做早餐', 1495009645, '炒牛肉comma0comma1period炒牛肉comma1comma1', 100, 0, '01:00:00', '04:01:00', '快', '2017-05-17 16:27:25', 'MTIz', 'MTM0MzM0NDcxMjQ=', 2, NULL, NULL),
(79, '我要吃晚饭', 1495013593, '烧鸡comma0comma1', 50, 1, '02:00:00', '18:01:00', '做快点', '2017-05-17 17:33:13', 'MTM0MzM0NDcxMjQ=', 'MTM0MzM0NDcxMjQ=', 2, NULL, NULL),
(80, '订做午餐', 1495014126, '烧鸡comma0comma1', 100, 0, '01:00:00', '01:01:00', '做快点', '2017-05-17 17:42:06', 'MTM0MzM0NDcxMjQ=', 'MTIz', 2, NULL, NULL),
(81, '午餐', 1495014267, '烧鸡comma0comma1', 50, 0, '00:30:00', '01:01:00', '快点做吧！', '2017-05-17 17:44:27', 'MTM0MzM0NDcxMjQ=', 'MTM0MzM0NDcxMjQ=', 2, NULL, NULL),
(82, '订做午餐', 1495022977, '宫保鸡丁comma1comma1period鱼香肉丝comma0comma1period芥蓝炒肉comma1comma1', 80, 1, '01:00:00', '12:05:00', '清淡一点', '2017-05-17 20:09:37', 'MTM0MzM0NDcxMjQ=', 'MTM3MTQ3OTgxNjc=', 2, NULL, NULL),
(83, '1', 1495023025, '1comma0comma1', 1, 1, '00:30:00', '01:01:00', '1', '2017-05-17 20:10:25', 'MTM0MzM0NDcxMjQ=', 'MTM0MzM0NDcxMjQ=', 2, NULL, NULL),
(84, '烛光晚餐', 1495023333, '红烧带鱼comma1comma1period五香牛肉comma1comma1period八宝鸭comma2comma1', 120, 1, '01:30:00', '18:05:00', '水煮牛肉一定要够辣、入味,红烧带鱼尽量不要留有腥味。', '2017-05-17 20:15:33', 'MTM0MzM0NDcxMjQ=', 'MTc2MDY2Nzg4NDE=', 2, NULL, NULL),
(85, '集锦晚餐', 1495023548, '杏油乌鸡煲comma2comma1period干菜炒河虾comma1comma1period双椒蒸鱼头comma1comma1', 150, 1, '02:00:00', '18:15:00', '鱼不用太大，够吃就行', '2017-05-17 20:19:09', 'MTg5NDI0MzM5Mjc=', 'MTM3MTQ3OTgxNjc=', 2, NULL, NULL),
(86, '美好午餐', 1495024518, '北京烤鸭comma2comma1period油麦菜comma1comma1period茉莉茶香骨comma1comma1', 120, 0, '02:00:00', '12:05:00', '烤鸭一定要够火候', '2017-05-17 20:35:18', 'MTg5NDI0MzM5Mjc=', 'MTc2MDY2Nzg4NDE=', 2, NULL, NULL),
(89, '美好午餐', 1495029274, '番茄炒蛋comma2comma1period酱香猪蹄comma1comma1period香辣藕片comma1comma1', 80, 1, '01:00:00', '12:30:00', '番茄炒蛋鸡蛋多点', '2017-05-17 21:54:35', 'MTc2MDY2Nzg4NDE=', 'MTM3MTQ3OTgxNjc=', 2, NULL, NULL),
(90, '午餐', 1495075746, '麻辣豆腐comma0comma1period麻辣豆腐comma1comma1', 20, 0, '01:00:00', '02:01:00', '要辣点', '2017-05-18 10:49:08', 'MTM3MTQ3OTgxNjc=', 'MTg5NDI0MzM5Mjc=', 3, NULL, NULL),
(91, '我是123', 1495075834, '麻辣豆腐comma0comma1', 25, 1, '00:30:00', '04:01:00', '要辣的', '2017-05-18 10:50:34', 'MTIz', 'MTM3MTQ3OTgxNjc=', 3, '很好吃', NULL),
(92, '订做午餐', 1495076090, '红烧排骨comma0comma1', 20, 2, '01:30:00', '17:01:00', '', '2017-05-18 10:54:50', 'MTc2MDY2Nzg4NDE=', 'MTg5NDI0MzM5Mjc=', 3, NULL, NULL),
(93, '午餐，我是189', 1495076355, '红烧肉comma0comma1', 25, 2, '01:00:00', '11:01:00', '要一点辣', '2017-05-18 10:59:15', 'MTg5NDI0MzM5Mjc=', 'MTM3MTQ3OTgxNjc=', 3, '很好吃', '很好'),
(94, '午餐', 1495078280, '红烧肉comma0comma1', 25, 2, '01:00:00', '11:01:00', '要辣的', '2017-05-18 11:31:20', 'MTM3MTQ3OTgxNjc=', 'MTc2MDY2Nzg4NDE=', 2, NULL, NULL),
(95, '午饭', 1495079363, '烧鸡comma2comma1', 30, 0, '01:00:00', '01:01:00', '', '2017-05-18 11:49:23', 'MTc2MDY2Nzg4NDE=', 'MTc2MDY2Nzg4NDE=', 2, NULL, NULL),
(96, '午餐', 1495084805, '宫保鸡丁comma0comma1', 25, 1, '00:30:00', '05:01:00', '加辣', '2017-05-18 13:20:06', 'MTM3MTQ3OTgxNjc=', NULL, 1, NULL, NULL),
(97, '订做午餐', 1495085553, '烧鸡comma1comma1', 25, 1, '02:00:00', '10:01:00', '', '2017-05-18 13:32:33', 'MTc2MDY2Nzg4NDE=', NULL, 1, NULL, NULL),
(98, 'ss', 1495086289, '滴滴comma1comma1', 200, 0, '01:00:00', '01:01:00', '', '2017-05-18 13:44:50', 'MTc2MDY2Nzg4NDE=', 'MTc2MDY2Nzg4NDE=', 2, NULL, NULL),
(99, '吃早餐', 1495092909, '烧鸡comma1comma1', 20, 0, '01:00:00', '01:01:00', 'qq', '2017-05-18 15:35:09', 'MTc2MDY2Nzg4NDE=', NULL, 1, NULL, NULL),
(100, '吃饭', 1495095067, '烧鸡comma0comma1', 20, 0, '01:00:00', '01:01:00', '', '2017-05-18 16:11:08', 'MTc2MDY2Nzg4NDE=', NULL, 1, NULL, NULL),
(101, '午饭', 1495112471, '烧鸡comma1comma1', 50, 0, '01:00:00', '01:01:00', '', '2017-05-18 21:01:12', 'MTc2MDY2Nzg4NDE=', NULL, 1, NULL, NULL),
(102, '订做午餐', 1495114026, '蛋炒饭comma1comma1', 15, 1, '01:30:00', '16:01:00', '快点接单吧', '2017-05-18 21:27:06', 'MTc2ODgyNDQ1NTA=', NULL, 1, NULL, NULL),
(103, '午餐', 1495115352, '烧鸡comma0comma1', 50, 0, '01:00:00', '01:01:00', '不要辣', '2017-05-18 21:49:12', 'MTc2ODgyNDQ1NTA=', NULL, 1, NULL, NULL);

-- --------------------------------------------------------

--
-- 表的结构 `food_order`
--

CREATE TABLE `food_order` (
  `id` int(10) NOT NULL COMMENT '生成的订单编号',
  `order_id` int(11) NOT NULL,
  `title` varchar(100) NOT NULL COMMENT '标题',
  `pic` varchar(100) NOT NULL COMMENT '订单图片',
  `price` double NOT NULL COMMENT '订单价格',
  `num` int(11) NOT NULL COMMENT '订单数量',
  `all_price` double NOT NULL COMMENT '订单总价',
  `type` tinyint(1) NOT NULL COMMENT '订单类型',
  `user_token` varchar(100) NOT NULL COMMENT '买家用户编号',
  `cook_user_token` varchar(100) NOT NULL,
  `status` tinyint(1) NOT NULL DEFAULT '1' COMMENT '交易状态',
  `address` varchar(100) NOT NULL COMMENT '收货地址',
  `expect_time` time NOT NULL COMMENT '期望时间',
  `pub_time` datetime NOT NULL DEFAULT CURRENT_TIMESTAMP
) ENGINE=InnoDB DEFAULT CHARSET=utf8 COMMENT='交易的订单';

--
-- 转存表中的数据 `food_order`
--

INSERT INTO `food_order` (`id`, `order_id`, `title`, `pic`, `price`, `num`, `all_price`, `type`, `user_token`, `cook_user_token`, `status`, `address`, `expect_time`, `pub_time`) VALUES
(2, 99, '烧鸡', '图片1', 100, 2, 200, 1, 'MTIz', '0', 3, '佛职院', '23:23:23', '2017-04-26 16:43:24'),
(3, 100, '菜名2', '图片2', 200, 4, 800, 2, 'MTIz', '0', 3, '佛职院', '23:23:23', '2017-04-26 16:43:24'),
(8, 43, '叉烧', '叉烧图片1', 100, 2, 200, 1, 'MTIz', 'MTIz', 3, '佛职院', '23:23:23', '2017-04-26 16:43:24'),
(9, 43, '鸡腿2', '鸡腿图片2', 200, 4, 800, 2, 'MTIz', '0', 3, '佛职院', '23:23:23', '2017-04-26 16:43:24'),
(10, 43, '叉烧', '叉烧图片1', 100, 2, 200, 1, 'MTIz', 'MTIz', 3, '佛职院', '23:23:23', '2017-04-26 16:43:24'),
(11, 43, '鸡腿图片2', '4', 2, 200, 400, 1, 'MTIz', 'MTIz', 3, '佛职院', '23:23:23', '2017-04-26 16:43:24'),
(12, 43, '叉烧', '叉烧图片1', 100, 2, 200, 1, 'MTIz', 'MTIz', 3, '佛职院', '23:23:23', '2017-04-26 16:43:24'),
(13, 43, '鸡腿2', '鸡腿图片2', 200, 4, 800, 2, 'MTIz', '0', 0, '佛职院', '23:23:23', '2017-04-26 16:43:24'),
(14, 43, '叉烧', '叉烧图片1', 100, 2, 200, 1, 'MTIz', 'MTg5NDI0MzM5Mjc=', 0, '佛职院', '23:23:23', '2017-04-26 16:43:24'),
(26, 12, '红烧鱼', '叉烧图片1', 100, 2, 200, 1, 'MTIz', 'MTg5NDI0MzM5Mjc=', 0, '佛职院', '23:23:23', '2017-04-26 16:43:24'),
(27, 10, '番茄炒蛋2', '番茄炒蛋2', 200, 4, 800, 2, 'MTIz', 'MTIz', 0, '佛职院', '23:23:23', '2017-04-26 16:43:24'),
(28, 10, 'IwillMakeFood03', 'http://10.5.12.125/tp/uploads/58f2044b067a7.jpg', 100, 2, 200, 3, 'MTIz', 'MTIz', 2, '123', '01:01:00', '2017-04-27 13:15:52'),
(29, 10, 'IwillMakeFood03', 'http://10.5.12.125/tp/uploads/58f2044b067a7.jpg', 100, 2, 200, 3, 'MTIz', 'MTIz', 2, '123', '01:01:00', '2017-04-27 13:15:54'),
(30, 10, 'IwillMakeFood03', 'http://10.5.12.125/tp/uploads/58f2044b067a7.jpg', 100, 2, 200, 3, 'MTIz', 'MTIz', 2, '123', '01:01:00', '2017-04-27 13:15:55'),
(31, 3, 'IwillMakeFood03', 'http://10.5.12.125/tp/uploads/58f2044b067a7.jpg', 100, 1, 100, 3, 'MTIz', 'MTIz', 3, '123', '01:01:00', '2017-04-27 19:59:01'),
(32, 3, 'IwillMakeFood03', 'http://10.5.12.125/tp/uploads/58f2044b067a7.jpg', 100, 1, 100, 3, 'MTIz', 'MTIz', 0, '123', '01:01:00', '2017-04-27 19:59:04'),
(33, 10, '猪肉', 'http://10.5.12.125/tp/uploads/58f373fcd72dc.jpg', 100, 1, 100, 1, 'MTIz', 'MTIz', 4, '123', '01:01:00', '2017-04-27 21:04:43'),
(34, 10, '猪肉', 'http://10.5.12.125/tp/uploads/58f373fcd72dc.jpg', 100, 1, 100, 1, 'MTIz', 'MTIz', 2, '123', '01:01:00', '2017-04-27 21:04:46'),
(35, 10, '猪肉', 'http://10.5.12.125/tp/uploads/58f373fcd72dc.jpg', 100, 1, 100, 1, 'MTIz', 'MTIz', 0, '123', '01:01:00', '2017-04-27 21:04:47'),
(36, 10, '猪肉', 'http://10.5.12.125/tp/uploads/58f373fcd72dc.jpg', 100, 1, 100, 1, 'MTIz', 'MTIz', 3, '123', '01:01:00', '2017-04-27 21:04:47'),
(37, 10, '猪肉', 'http://10.5.12.125/tp/uploads/58f373fcd72dc.jpg', 100, 1, 100, 1, 'MTIz', 'MTIz', 2, '123', '01:01:00', '2017-04-27 21:04:48'),
(38, 10, '猪肉', 'http://10.5.12.125/tp/uploads/58f373fcd72dc.jpg', 100, 1, 100, 1, 'MTIz', 'MTIz', 4, '123', '01:01:00', '2017-04-27 21:04:48'),
(39, 10, 'IwillMakeFood03', 'http://10.5.12.125/tp/uploads/58f2044b067a7.jpg', 100, 1, 100, 3, 'MTIz', 'MTIz', 0, '123', '01:01:00', '2017-04-27 21:04:52'),
(40, 3, 'IwillMakeFood03', 'http://10.5.12.125/tp/uploads/58f2044b067a7.jpg', 100, 1, 100, 3, 'MTIz', 'MTIz', 2, '123', '01:01:00', '2017-04-27 21:05:22'),
(41, 3, 'IwillMakeFood03', 'http://10.5.12.125/tp/uploads/58f2044b067a7.jpg', 100, 1, 100, 3, 'MTIz', 'MTIz', 1, '123', '01:01:00', '2017-04-27 21:05:23'),
(42, 10, 'IwillMakeFood04', 'http://10.5.12.125/tp/uploads/http://10.5.12.125/tp/uploads/58f20401adca7.jpg', 100, 1, 100, 4, 'MTIz', 'MTIz', 1, '佛职院', '01:01:00', '2017-04-29 20:57:32'),
(43, 57, '123', 'http://10.5.12.125/tp/uploads/590184ab4559d.jpg', 123, 1, 123, 2, 'MTIz', 'MTIz', 1, '佛职院', '01:01:00', '2017-04-30 20:40:25'),
(44, 57, '123', 'http://10.5.12.125/tp/uploads/590184ab4559d.jpg', 123, 1, 123, 2, 'MTIz', 'MTIz', 1, '佛职院', '01:01:00', '2017-04-30 20:40:27'),
(45, 7, '即可默默', 'http://10.5.12.125/tp/uploads/58f3480374d67.jpg', 12, 1, 12, 1, 'MTIz', 'MTIz', 1, '佛职院', '01:01:00', '2017-04-30 21:28:36'),
(46, 5, 'IwillMakeFood04', 'http://10.5.12.125/tp/uploads/58f20401adca7.jpg', 100, 2, 200, 4, 'MTIz', 'MTIz', 1, '佛职院', '01:01:00', '2017-05-02 09:48:38'),
(47, 43, '红烧鱼', '叉烧图片1', 100, 2, 200, 1, 'MTg5NDI0MzM5Mjc=', 'MTIz', 1, '佛职院', '23:23:23', '2017-05-02 10:01:29'),
(48, 10, '番茄炒蛋2', '番茄炒蛋2', 200, 4, 800, 2, 'MTg5NDI0MzM5Mjc=', 'MTIz', 1, '佛职院', '23:23:23', '2017-05-02 10:01:29'),
(49, 43, '红烧鱼', '叉烧图片1', 100, 2, 200, 1, 'MTg5NDI0MzM5Mjc=', 'MTIz', 1, '佛职院', '23:23:23', '2017-05-02 10:01:42'),
(50, 10, '番茄炒蛋2', '番茄炒蛋2', 200, 4, 800, 2, 'MTg5NDI0MzM5Mjc=', 'MTIz', 1, '佛职院', '23:23:23', '2017-05-02 10:01:42'),
(51, 43, '红烧鱼', '叉烧图片1', 100, 2, 200, 1, 'MTg5NDI0MzM5Mjc=', 'MTIz', 1, '佛职院', '23:23:23', '2017-05-02 10:02:47'),
(52, 10, '番茄炒蛋2', '番茄炒蛋2', 200, 4, 800, 2, 'MTg5NDI0MzM5Mjc=', 'MTIz', 1, '佛职院', '23:23:23', '2017-05-02 10:02:47'),
(53, 4, 'IwillMakeFood04', 'http://10.5.12.125/tp/uploads/http://10.5.12.125/tp/uploads/58f20401adca7.jpg', 100, 1, 100, 4, 'MTIz', 'MTIz', 1, '佛职院', '01:01:00', '2017-05-02 10:03:57'),
(54, 3, 'IwillMakeFood03', 'http://10.5.12.125/tp/uploads/58f20480339ee.jpg', 100, 1, 100, 3, 'MTIz', 'MTIz', 1, '佛职院', '01:01:00', '2017-05-02 11:44:28'),
(55, 4, 'IwillMakeFood04', 'http://10.5.12.125/tp/uploads/58f20401adca7.jpg', 100, 1, 100, 4, 'MTIz', 'MTIz', 1, '佛职院', '01:01:00', '2017-05-02 11:44:54'),
(56, 3, 'IwillMakeFood03', 'http://10.5.12.125/tp/uploads/58f20480339ee.jpg', 100, 3, 300, 3, 'MTIz', 'MTIz', 1, '佛职院', '01:01:00', '2017-05-02 11:58:35'),
(57, 4, 'IwillMakeFood04', 'http://10.5.12.125/tp/uploads/58f20401adca7.jpg', 100, 1, 100, 4, 'MTIz', 'MTIz', 1, '佛职院', '01:01:00', '2017-05-02 14:41:02'),
(58, 5, 'IwillMakeFood05', 'http://10.5.12.125/tp/uploads/58f20401adca7.jpg', 100, 1, 100, 2, 'MTIz', 'MTIz', 1, '佛职院', '01:01:00', '2017-05-02 14:50:13'),
(59, 5, 'IwillMakeFood05', 'http://10.5.12.125/tp/uploads/58f20401adca7.jpg', 100, 2, 200, 2, 'MTg5NDI0MzM5Mjc=', 'MTIz', 1, '佛职院', '23:23:23', '2017-05-02 15:21:41'),
(60, 4, 'IwillMakeFood04', 'http://10.5.12.125/tp/uploads/58f20401adca7.jpg', 100, 8, 800, 1, 'MTg5NDI0MzM5Mjc=', 'MTIz', 1, '佛职院', '23:23:23', '2017-05-02 15:21:41'),
(61, 3, 'IwillMakeFood03', 'http://10.5.12.125/tp/uploads/58f20480339ee.jpg', 100, 2, 200, 2, 'MTIz', 'MTIz', 1, '佛职院', '01:01:00', '2017-05-02 15:32:06'),
(62, 3, 'IwillMakeFood03', 'http://10.5.12.125/tp/uploads/58f20480339ee.jpg', 100, 1, 100, 2, 'MTIz', 'MTIz', 1, '佛职院', '01:01:00', '2017-05-02 15:33:36'),
(63, 4, 'IwillMakeFood04', 'http://10.5.12.125/tp/uploads/58f20401adca7.jpg', 100, 1, 100, 1, 'MTIz', 'MTIz', 1, '佛职院', '01:01:00', '2017-05-02 15:33:36'),
(64, 3, 'IwillMakeFood03', 'http://10.5.12.125/tp/uploads/58f20480339ee.jpg', 100, 1, 100, 2, 'MTg5NDI0MzM5Mjc=', 'MTIz', 1, '佛职院', '23:23:23', '2017-05-02 15:34:01'),
(65, 4, 'IwillMakeFood04', 'http://10.5.12.125/tp/uploads/58f20401adca7.jpg', 100, 1, 100, 1, 'MTg5NDI0MzM5Mjc=', 'MTIz', 1, '佛职院', '23:23:23', '2017-05-02 15:34:01'),
(66, 3, 'IwillMakeFood03', 'http://10.5.12.125/tp/uploads/58f20480339ee.jpg', 100, 1, 100, 2, 'MTg5NDI0MzM5Mjc=', 'MTIz', 1, '佛职院', '23:23:23', '2017-05-02 15:35:00'),
(67, 4, 'IwillMakeFood04', 'http://10.5.12.125/tp/uploads/58f20401adca7.jpg', 100, 1, 100, 1, 'MTg5NDI0MzM5Mjc=', 'MTIz', 1, '佛职院', '23:23:23', '2017-05-02 15:35:00'),
(68, 3, 'IwillMakeFood03', 'http://10.5.12.125/tp/uploads/58f20480339ee.jpg', 100, 1, 100, 2, 'MTg5NDI0MzM5Mjc=', 'MTIz', 1, '佛职院', '23:23:23', '2017-05-02 15:35:05'),
(69, 4, 'IwillMakeFood04', 'http://10.5.12.125/tp/uploads/58f20401adca7.jpg', 100, 1, 100, 1, 'MTg5NDI0MzM5Mjc=', 'MTIz', 1, '佛职院', '23:23:23', '2017-05-02 15:35:05'),
(70, 3, 'IwillMakeFood03', 'http://10.5.12.125/tp/uploads/58f20480339ee.jpg', 100, 1, 100, 2, 'MTg5NDI0MzM5Mjc=', 'MTIz', 1, '佛职院', '23:23:23', '2017-05-02 15:36:10'),
(71, 4, 'IwillMakeFood04', 'http://10.5.12.125/tp/uploads/58f20401adca7.jpg', 100, 1, 100, 1, 'MTg5NDI0MzM5Mjc=', 'MTIz', 1, '佛职院', '23:23:23', '2017-05-02 15:36:10'),
(72, 3, 'IwillMakeFood03', 'http://10.5.12.125/tp/uploads/58f20480339ee.jpg', 100, 1, 100, 2, 'MTg5NDI0MzM5Mjc=', 'MTIz', 1, '佛职院', '23:23:23', '2017-05-02 15:36:24'),
(73, 4, 'IwillMakeFood04', 'http://10.5.12.125/tp/uploads/58f20401adca7.jpg', 100, 1, 100, 1, 'MTg5NDI0MzM5Mjc=', 'MTIz', 1, '佛职院', '23:23:23', '2017-05-02 15:36:24'),
(74, 3, 'IwillMakeFood03', 'http://10.5.12.125/tp/uploads/58f20480339ee.jpg', 100, 1, 100, 2, 'MTg5NDI0MzM5Mjc=', 'MTIz', 1, '佛职院', '23:23:23', '2017-05-02 15:36:36'),
(75, 4, 'IwillMakeFood04', 'http://10.5.12.125/tp/uploads/58f20401adca7.jpg', 100, 1, 100, 1, 'MTg5NDI0MzM5Mjc=', 'MTIz', 1, '佛职院', '23:23:23', '2017-05-02 15:36:36'),
(76, 3, 'IwillMakeFood03', 'http://10.5.12.125/tp/uploads/58f20480339ee.jpg', 100, 1, 100, 2, 'MTg5NDI0MzM5Mjc=', 'MTIz', 1, '佛职院', '23:23:23', '2017-05-02 15:36:55'),
(77, 4, 'IwillMakeFood04', 'http://10.5.12.125/tp/uploads/58f20401adca7.jpg', 100, 1, 100, 1, 'MTg5NDI0MzM5Mjc=', 'MTIz', 1, '佛职院', '23:23:23', '2017-05-02 15:36:55'),
(78, 5, 'IwillMakeFood05', 'http://10.5.12.125/tp/uploads/58f20401adca7.jpg', 100, 1, 100, 2, 'MTIz', 'MTIz', 1, '佛职院', '01:01:00', '2017-05-02 15:37:22'),
(79, 3, 'IwillMakeFood03', 'http://10.5.12.125/tp/uploads/58f20480339ee.jpg', 100, 1, 100, 2, 'MTIz', 'MTIz', 1, '佛职院', '01:01:00', '2017-05-02 15:37:22'),
(80, 4, 'IwillMakeFood04', 'http://10.5.12.125/tp/uploads/58f20401adca7.jpg', 100, 1, 100, 1, 'MTIz', 'MTIz', 1, '佛职院', '01:01:00', '2017-05-02 15:39:01'),
(81, 4, 'IwillMakeFood04', 'http://10.5.12.125/tp/uploads/58f20401adca7.jpg', 100, 1, 100, 1, 'MTIz', 'MTIz', 1, '佛职院', '01:01:00', '2017-05-02 15:45:24'),
(82, 4, 'IwillMakeFood04', 'http://10.5.12.125/tp/uploads/58f20401adca7.jpg', 100, 3, 300, 1, 'MTIz', 'MTIz', 1, '佛职院', '01:01:00', '2017-05-02 15:47:09'),
(83, 4, 'IwillMakeFood04', 'http://10.5.12.125/tp/uploads/58f20401adca7.jpg', 100, 3, 300, 1, 'MTIz', 'MTIz', 1, '佛职院', '01:01:00', '2017-05-02 15:47:20'),
(84, 4, 'IwillMakeFood04', 'http://10.5.12.125/tp/uploads/58f20401adca7.jpg', 100, 5, 500, 1, 'MTIz', 'MTIz', 1, '佛职院', '01:01:00', '2017-05-02 22:04:06'),
(85, 43, '红烧鱼', 'http://10.5.12.125/tp/uploads/58f203d365a99.jpg', 100, 1, 100, 1, 'MTIz', 'MTIz', 1, '佛职院', '01:01:00', '2017-05-02 22:04:06'),
(86, 2, 'IwillMakeFood02', 'http://10.5.12.125/tp/uploads/58f20401adca7.jpg', 100, 1, 100, 1, 'MTIz', 'MTIz', 1, '佛职院', '01:01:00', '2017-05-03 20:57:17'),
(87, 2, 'IwillMakeFood02', 'http://10.5.12.125/tp/uploads/58f20401adca7.jpg', 100, 3, 300, 1, 'MTIz', 'MTIz', 1, '佛职院', '01:01:00', '2017-05-03 20:57:17'),
(88, 43, '红烧鱼', 'http://10.5.12.125/tp/uploads/58f203d365a99.jpg', 100, 3, 300, 1, 'MTIz', 'MTIz', 1, '佛职院', '01:01:00', '2017-05-03 20:57:17'),
(89, 10, '猪肉', 'http://10.5.12.125/tp/uploads/58f2046a1edd8.jpg', 100, 1, 100, 1, 'MTIz', 'MTIz', 1, '佛职院', '01:01:00', '2017-05-03 20:57:17'),
(90, 10, '猪肉', 'http://10.5.12.125/tp/uploads/58f2046a1edd8.jpg', 100, 1, 100, 1, 'MTIz', 'MTIz', 1, '佛职院', '01:01:00', '2017-05-06 14:55:14'),
(91, 10, '猪肉', 'http://10.5.12.125/tp/uploads/58f2046a1edd8.jpg', 100, 1, 100, 1, 'MTIz', 'MTIz', 1, '佛职院', '01:01:00', '2017-05-06 14:55:14'),
(92, 10, '猪肉', 'http://10.5.12.125/tp/uploads/58f2046a1edd8.jpg', 100, 1, 100, 1, 'MTIz', 'MTIz', 1, '佛职院', '01:01:00', '2017-05-06 14:55:14'),
(93, 2, 'IwillMakeFood02', 'http://10.5.12.125/tp/uploads/58f20401adca7.jpg', 100, 1, 100, 1, 'MTIz', 'MTIz', 1, '佛职院', '01:01:00', '2017-05-06 14:55:14'),
(94, 5, 'IwillMakeFood05', 'http://10.5.12.125/tp/uploads/58f20401adca7.jpg', 100, 1, 100, 2, 'MTIz', 'MTIz', 1, '佛职院职教路3号', '01:01:00', '2017-05-08 10:57:46'),
(95, 5, 'IwillMakeFood05', 'http://10.5.12.125/tp/uploads/58f20401adca7.jpg', 100, 1, 100, 2, 'MTIz', 'MTIz', 1, '佛职院职教路3号', '01:01:00', '2017-05-08 10:57:46'),
(96, 7, '即可默默', 'http://119.29.137.109/tp/uploads/58f3480374d67.jpg', 12, 1, 12, 1, 'MTIz', 'MTIzNA==', 1, '佛职院职教路3号', '01:01:00', '2017-05-11 23:33:23'),
(97, 10, '猪肉', 'http://119.29.137.109/tp/uploads/58f2046a1edd8.jpg', 100, 1, 100, 1, 'MTIz', 'MTIz', 1, '佛职院职教路3号', '01:01:00', '2017-05-16 21:41:46'),
(98, 61, '二维码', 'http://10.5.12.125/tp/uploads/591ab1e1012ca.jpg', 580, 1, 580, 1, 'MTM0MzM0NDcxMjQ=', 'MTIz', 1, 'null', '01:01:00', '2017-05-17 11:03:51'),
(99, 61, '二维码', 'http://10.5.12.125/tp/uploads/591ab1e1012ca.jpg', 580, 1, 580, 1, 'MTM0MzM0NDcxMjQ=', 'MTIz', 1, 'null', '01:01:00', '2017-05-17 11:04:23'),
(100, 4, 'IwillMakeFood04', 'http://119.29.137.109/tp/uploads/58f20401adca7.jpg', 100, 1, 100, 1, 'MTIz', 'MTIz', 1, '佛职院职教路3号', '01:01:00', '2017-05-17 11:12:39'),
(101, 10, '猪肉', 'http://119.29.137.109/tp/uploads/58f2046a1edd8.jpg', 100, 1, 100, 1, 'MTIz', 'MTIz', 1, '佛职院职教路3号', '01:01:00', '2017-05-17 11:12:39'),
(102, 10, '猪肉', 'http://119.29.137.109/tp/uploads/58f2046a1edd8.jpg', 100, 1, 100, 1, 'MTIz', 'MTIz', 1, '佛职院职教路3号', '01:01:00', '2017-05-17 11:27:11'),
(103, 10, '猪肉', 'http://119.29.137.109/tp/uploads/58f2046a1edd8.jpg', 100, 1, 100, 1, 'MTIz', 'MTIz', 1, '佛职院职教路3号', '01:01:00', '2017-05-17 11:30:47'),
(104, 4, 'IwillMakeFood04', 'http://119.29.137.109/tp/uploads/58f20401adca7.jpg', 100, 1, 100, 1, 'MTIz', 'MTIz', 1, '佛职院职教路3号', '01:01:00', '2017-05-17 14:47:20'),
(105, 79, '甜酸鱼', 'http://119.29.137.109/tp/uploads/591c4deedcd03.jpg', 24, 1, 24, 1, 'MTc2MDY2Nzg4NDE=', 'MTM0MzM0NDcxMjQ=', 1, 'D325', '01:01:00', '2017-05-18 00:27:01'),
(106, 72, '炒油麦菜', 'http://119.29.137.109/tp/uploads/591c46537b1c8.jpg', 15, 1, 15, 1, 'MTM3MTQ3OTgxNjc=', 'MTg5NDI0MzM5Mjc=', 2, '', '01:01:00', '2017-05-18 10:33:13'),
(107, 79, '甜酸鱼', 'http://119.29.137.109/tp/uploads/591c4deedcd03.jpg', 24, 1, 24, 1, 'MTc2MDY2Nzg4NDE=', 'MTM0MzM0NDcxMjQ=', 1, 'D325', '01:01:00', '2017-05-18 10:41:46'),
(108, 78, '娃娃菜', 'http://119.29.137.109/tp/uploads/591c4d1ea993b.jpg', 12, 1, 12, 1, 'MTc2MDY2Nzg4NDE=', 'MTM0MzM0NDcxMjQ=', 1, 'D325', '01:01:00', '2017-05-18 10:41:46'),
(109, 81, '手撕干包菜', 'http://119.29.137.109/tp/uploads/591c51698d073.jpg', 18, 2, 36, 1, 'MTc2MDY2Nzg4NDE=', 'MTc2MDY2Nzg4NDE=', 3, 'D325', '01:01:00', '2017-05-18 11:00:40'),
(110, 81, '手撕干包菜', 'http://119.29.137.109/tp/uploads/591c51698d073.jpg', 18, 1, 18, 1, 'MTM3MTQ3OTgxNjc=', 'MTc2MDY2Nzg4NDE=', 0, '', '01:01:00', '2017-05-18 11:16:45'),
(111, 76, '鱼香肉丝', 'http://119.29.137.109/tp/uploads/591c4bf0c72df.jpg', 25, 1, 25, 1, 'MTM3MTQ3OTgxNjc=', 'MTM0MzM0NDcxMjQ=', 1, '', '01:01:00', '2017-05-18 11:29:32'),
(112, 79, '甜酸鱼', 'http://119.29.137.109/tp/uploads/591c4deedcd03.jpg', 24, 1, 24, 1, 'MTc2MDY2Nzg4NDE=', 'MTM0MzM0NDcxMjQ=', 1, 'D325', '01:01:00', '2017-05-18 11:43:37'),
(113, 79, '甜酸鱼', 'http://119.29.137.109/tp/uploads/591c4deedcd03.jpg', 24, 1, 24, 1, 'MTc2MDY2Nzg4NDE=', 'MTM0MzM0NDcxMjQ=', 1, 'D325', '01:01:00', '2017-05-18 11:43:37'),
(114, 79, '甜酸鱼', 'http://119.29.137.109/tp/uploads/591c4deedcd03.jpg', 24, 1, 24, 1, 'MTc2MDY2Nzg4NDE=', 'MTM0MzM0NDcxMjQ=', 1, 'D325', '01:01:00', '2017-05-18 11:43:37'),
(115, 73, '红烧排骨', 'http://119.29.137.109/tp/uploads/591c47191ca31.jpg', 35, 1, 35, 1, 'MTM3MTQ3OTgxNjc=', 'MTg5NDI0MzM5Mjc=', 1, '', '01:01:00', '2017-05-18 13:19:00'),
(116, 76, '鱼香肉丝', 'http://119.29.137.109/tp/uploads/591c4bf0c72df.jpg', 25, 1, 25, 1, 'MTM3MTQ3OTgxNjc=', 'MTM0MzM0NDcxMjQ=', 1, '', '01:01:00', '2017-05-18 13:19:00'),
(117, 78, '娃娃菜', 'http://119.29.137.109/tp/uploads/591c4d1ea993b.jpg', 12, 1, 12, 1, 'MTc2MDY2Nzg4NDE=', 'MTM0MzM0NDcxMjQ=', 1, 'D325', '01:01:00', '2017-05-18 13:43:34'),
(118, 79, '甜酸鱼', 'http://119.29.137.109/tp/uploads/591c4deedcd03.jpg', 24, 1, 24, 1, 'MTc2MDY2Nzg4NDE=', 'MTM0MzM0NDcxMjQ=', 1, 'D325', '01:01:00', '2017-05-18 13:43:34'),
(119, 81, '手撕干包菜', 'http://119.29.137.109/tp/uploads/591c51698d073.jpg', 18, 1, 18, 1, 'MTc2MDY2Nzg4NDE=', 'MTc2MDY2Nzg4NDE=', 2, 'D325', '01:01:00', '2017-05-18 13:43:34'),
(120, 82, '宫保鸡丁', 'http://119.29.137.109/tp/uploads/591d1909995c6.jpg', 28, 1, 28, 1, 'MTM3MTQ3OTgxNjc=', 'MTM3MTQ3OTgxNjc=', 1, '', '01:01:00', '2017-05-18 13:58:43'),
(121, 81, '手撕干包菜', 'http://119.29.137.109/tp/uploads/591c51698d073.jpg', 18, 1, 18, 1, 'MTM3MTQ3OTgxNjc=', 'MTc2MDY2Nzg4NDE=', 1, '', '01:01:00', '2017-05-18 14:24:05'),
(122, 76, '鱼香肉丝', 'http://119.29.137.109/tp/uploads/591c4bf0c72df.jpg', 25, 1, 25, 1, 'MTc2MDY2Nzg4NDE=', 'MTM0MzM0NDcxMjQ=', 1, 'D325', '01:01:00', '2017-05-18 15:11:22'),
(123, 79, '甜酸鱼', 'http://119.29.137.109/tp/uploads/591c4deedcd03.jpg', 24, 1, 24, 1, 'MTc2MDY2Nzg4NDE=', 'MTM0MzM0NDcxMjQ=', 1, 'D325', '01:01:00', '2017-05-18 15:11:23'),
(124, 76, '鱼香肉丝', 'http://119.29.137.109/tp/uploads/591c4bf0c72df.jpg', 25, 1, 25, 1, 'MTc2MDY2Nzg4NDE=', 'MTM0MzM0NDcxMjQ=', 1, 'D325', '01:01:00', '2017-05-18 15:20:28'),
(125, 80, '南瓜饼', 'http://119.29.137.109/tp/uploads/591c50dcba93f.jpg', 26, 1, 26, 1, 'MTc2MDY2Nzg4NDE=', 'MTc2MDY2Nzg4NDE=', 1, 'D325', '01:01:00', '2017-05-18 15:33:58'),
(126, 81, '手撕干包菜', 'http://119.29.137.109/tp/uploads/591c51698d073.jpg', 18, 1, 18, 1, 'MTc2MDY2Nzg4NDE=', 'MTc2MDY2Nzg4NDE=', 1, 'D325', '01:01:00', '2017-05-18 15:33:58'),
(127, 76, '鱼香肉丝', 'http://119.29.137.109/tp/uploads/591c4bf0c72df.jpg', 25, 1, 25, 1, 'MTc2MDY2Nzg4NDE=', 'MTM0MzM0NDcxMjQ=', 1, 'D325', '01:01:00', '2017-05-18 15:33:59'),
(128, 81, '手撕干包菜', 'http://119.29.137.109/tp/uploads/591c51698d073.jpg', 18, 1, 18, 1, 'MTc2MDY2Nzg4NDE=', 'MTc2MDY2Nzg4NDE=', 1, 'D325', '01:01:00', '2017-05-18 16:10:01'),
(129, 71, '白切鸡', 'http://119.29.137.109/tp/uploads/591c453cba5ab.jpg', 38, 1, 38, 1, 'MTc2MDY2Nzg4NDE=', 'MTg5NDI0MzM5Mjc=', 1, 'D325', '01:01:00', '2017-05-18 16:10:03'),
(130, 79, '甜酸鱼', 'http://119.29.137.109/tp/uploads/591c4deedcd03.jpg', 24, 1, 24, 1, 'MTc2MDY2Nzg4NDE=', 'MTM0MzM0NDcxMjQ=', 1, 'D325', '01:01:00', '2017-05-18 16:10:04'),
(131, 81, '手撕干包菜', 'http://119.29.137.109/tp/uploads/591c51698d073.jpg', 18, 1, 18, 1, 'MTc2MDY2Nzg4NDE=', 'MTc2MDY2Nzg4NDE=', 1, 'D325', '01:01:00', '2017-05-18 17:23:41'),
(132, 78, '娃娃菜', 'http://119.29.137.109/tp/uploads/591c4d1ea993b.jpg', 12, 1, 12, 1, 'MTc2MDY2Nzg4NDE=', 'MTM0MzM0NDcxMjQ=', 1, 'D325', '01:01:00', '2017-05-18 19:59:34');

-- --------------------------------------------------------

--
-- 表的结构 `make_order`
--

CREATE TABLE `make_order` (
  `order_id` int(10) NOT NULL COMMENT '订单编号',
  `order_title` varchar(100) NOT NULL COMMENT '订单标题(菜名)',
  `order_num` int(10) NOT NULL DEFAULT '0' COMMENT '订单份量',
  `order_price` double NOT NULL COMMENT '订单价格',
  `order_pic` varchar(100) DEFAULT NULL COMMENT '订单图片',
  `food_description` varchar(255) DEFAULT NULL COMMENT '订单描述',
  `star` int(11) NOT NULL DEFAULT '0' COMMENT '点赞数',
  `order_type` tinyint(1) NOT NULL COMMENT '订单类型',
  `order_makeFood_time` int(11) NOT NULL COMMENT '订单做菜时间',
  `order_pub_time` datetime NOT NULL DEFAULT CURRENT_TIMESTAMP COMMENT '订单发布时间',
  `user_token` varchar(100) NOT NULL COMMENT '订单发布用户',
  `order_status` tinyint(1) NOT NULL DEFAULT '1' COMMENT '订单状态',
  `makeFood_res` varchar(100) DEFAULT NULL COMMENT '所需材料',
  `makeFood_float` varchar(100) DEFAULT NULL COMMENT '做菜流程',
  `makeFood_note` varchar(100) DEFAULT NULL COMMENT '注意事项'
) ENGINE=InnoDB DEFAULT CHARSET=utf8 COMMENT='做菜订单发布表';

--
-- 转存表中的数据 `make_order`
--

INSERT INTO `make_order` (`order_id`, `order_title`, `order_num`, `order_price`, `order_pic`, `food_description`, `star`, `order_type`, `order_makeFood_time`, `order_pub_time`, `user_token`, `order_status`, `makeFood_res`, `makeFood_float`, `makeFood_note`) VALUES
(2, 'IwillMakeFood02', 6, 100, 'http://119.29.137.109/tp/uploads/58f20401adca7.jpg', 'good02', 0, 1, 15, '2017-04-13 20:47:58', 'MTIzNA==', 1, 'fish02', 'killFish02', 'wait02'),
(3, 'IwillMakeFood03', 5, 100, 'http://119.29.137.109/tp/uploads/58f20480339ee.jpg', 'good03', 0, 2, 20, '2017-04-13 20:49:07', 'MTIz', 1, 'fish3', 'killFish03', 'wait03'),
(4, 'IwillMakeFood04', 5, 100, 'http://119.29.137.109/tp/uploads/58f20401adca7.jpg', 'good04', 0, 1, 18, '2017-04-13 20:50:01', 'MTIz', 1, 'fish04', 'killFish04', 'wait04'),
(5, 'IwillMakeFood05', 5, 100, 'http://119.29.137.109/tp/uploads/58f20401adca7.jpg', 'good05', 0, 2, 16, '2017-04-13 20:51:14', 'MTIz', 1, 'fish05', 'killFish05', 'wait05'),
(7, '即可默默', 5, 12, 'http://119.29.137.109/tp/uploads/58f3480374d67.jpg', NULL, 0, 1, 0, '2017-04-16 21:33:22', 'MTIzNA==', 1, '…哦…你们那里', '设计及管理\n\n', '设计及管理\n\n'),
(10, '猪肉', 6, 100, 'http://119.29.137.109/tp/uploads/58f2046a1edd8.jpg', '好吃的猪肉噢', 0, 1, 0, '2017-04-16 21:39:08', 'MTIz', 1, '材料', '注意\n', '注意\n'),
(43, '红烧鱼', 5, 100, 'http://119.29.137.109/tp/uploads/58f203d365a99.jpg', 'good01', 0, 1, 11, '2017-04-13 20:46:38', 'MTIzNA==', 1, 'fish01', 'killFish01', 'wait01'),
(55, '猪肉', 9, 12, 'http://119.29.137.109/tp/uploads/58f3480374d67.jpg', '猪腿肉呀', 0, 1, 0, '2017-04-16 21:36:59', 'MTIz', 1, '材料', '注意\n\n', '注意\n\n'),
(56, '123', 2, 123, 'http://119.29.137.109/tp/uploads/590184a97a888.jpg', NULL, 0, 2, 0, '2017-04-27 13:42:01', 'MTIz', 1, '1233', '12366987', '12366987'),
(57, '123', 0, 123, 'http://119.29.137.109/tp/uploads/590184ab4559d.jpg', NULL, 0, 2, 0, '2017-04-27 13:42:03', 'MTIz', 1, '1233', '12366987', '12366987'),
(58, '小虾米', 0, 50, 'http://119.29.137.109/tp/uploads/5902e85db9a21.jpg', NULL, 0, 1, 0, '2017-04-28 14:59:41', 'MTIz', 0, '123', '123', '123'),
(59, '430菜色', 0, 1000, 'http://119.29.137.109/tp/uploads/5905c96b4ae54.jpg', NULL, 0, 1, 0, '2017-04-30 19:24:27', 'MTIz', 0, '123', '789', '789'),
(60, '二维码', 3, 580, 'http://119.29.137.109/tp/uploads/591812516a849.jpg', NULL, 0, 1, 0, '2017-05-14 16:16:17', 'MTIz', 1, '123', '123', '123'),
(61, '二维码', 3, 580, 'http://10.5.12.125/tp/uploads/591ab1e1012ca.jpg', NULL, 0, 1, 0, '2017-05-16 16:01:37', 'MTIz', 0, '123', '123', '123'),
(62, '二维码', 0, 580, 'http://10.5.12.125/tp/uploads/591ab75754fb7.jpg', NULL, 0, 1, 0, '2017-05-16 16:24:55', 'MTIz', 0, '123', '123', '123'),
(63, '123', 0, 100, 'http://119.29.137.109/tp/uploads/591c1958e5110.jpg', NULL, 0, 1, 0, '2017-05-17 17:35:22', 'MTM0MzM0NDcxMjQ=', 0, '1', '1', '1'),
(64, '123', 0, 100, 'http://119.29.137.109/tp/uploads/591c1994cd2ca.jpg', NULL, 0, 1, 0, '2017-05-17 17:36:20', 'MTM0MzM0NDcxMjQ=', 0, '1', '1', '1'),
(65, '八宝鸭', 4, 38, 'http://119.29.137.109/tp/uploads/591c3b9b162ce.jpg', '汤汁肥浓，鸭卤酥烂', 0, 1, 0, '2017-05-17 20:01:31', 'MTM0MzM0NDcxMjQ=', 2, '主料：鸭(1750克) 糯米(120克)\r\n辅料：豌豆(30克) 火腿(75克) 虾仁(75克) 冬笋(40克) 栗子（鲜）(50克) 干贝(50克) 鸡肫(50克) 香菇（干）(30克) 鸡肉(50', '鸭肉忌与兔肉、杨梅、核桃、鳖、木耳、胡桃、荞麦同食。', '鸭肉忌与兔肉、杨梅、核桃、鳖、木耳、胡桃、荞麦同食。'),
(66, '11', 0, 11, 'http://119.29.137.109/tp/uploads/591c3c1990213.jpg', NULL, 0, 1, 0, '2017-05-17 20:03:37', 'MTM0MzM0NDcxMjQ=', 0, '1', '1', '1'),
(67, '123', 0, 50, 'http://119.29.137.109/tp/uploads/591c3d673cc29.jpg', NULL, 0, 1, 0, '2017-05-17 20:09:11', 'MTIz', 0, '1', '1', '1'),
(68, '123', 0, 50, 'http://119.29.137.109/tp/uploads/591c3d75bbdcc.jpg', NULL, 0, 1, 0, '2017-05-17 20:09:25', 'MTIz', 0, '1', '1', '1'),
(69, '123', 0, 50, 'http://119.29.137.109/tp/uploads/591c429b63946.jpg', '123', 0, 0, 0, '2017-05-17 20:31:23', 'MTIz', 0, '1', '1', '1'),
(70, '123', 0, 123, 'http://119.29.137.109/tp/uploads/591c449e6a0ab.jpg', '描述', 0, 1, 0, '2017-05-17 20:39:58', 'MTIz', 0, '1', '1', '1'),
(71, '白切鸡', 6, 38, 'http://119.29.137.109/tp/uploads/591c453cba5ab.jpg', '白切鸡是一道色香味俱全的特色传统名肴，属于粤菜系鸡肴中最普通的一种，属浸鸡类，以其制作简易，刚熟不烂，不加配料且保持原味为特点。', 0, 1, 0, '2017-05-17 20:42:36', 'MTg5NDI0MzM5Mjc=', 2, '净肥嫩雏母鸡1只(重约0.8～1.2公斤为好)\r，葱120克，\r姜40克，\r植物油120克，\r盐15克，香菜：100克', '童子鸡：鸡肉忌与野鸡、甲鱼、鲤鱼、鲫鱼、兔肉、虾子以及葱蒜等一同食用；与芝麻、菊花同食易中毒；不宜与李子同食会导致腹泻；与芥末同食会上火。', '童子鸡：鸡肉忌与野鸡、甲鱼、鲤鱼、鲫鱼、兔肉、虾子以及葱蒜等一同食用；与芝麻、菊花同食易中毒；不宜与李子同食会导致腹泻；与芥末同食会上火。'),
(72, '炒油麦菜', 5, 15, 'http://119.29.137.109/tp/uploads/591c46537b1c8.jpg', '油麦菜，别名莜麦菜，属菊科、莴苣属植物，是以嫩梢、嫩叶为产品的尖叶型叶用莴苣，叶片呈长披针形，色泽淡绿、质地脆嫩，口感极为鲜嫩、清香、具有独特风味，含有大量维生素A、维生素B1、维生素B2和大量钙、铁等营养成分，是生食蔬菜中的上品，有“凤尾”之称。', 0, 1, 0, '2017-05-17 20:47:15', 'MTg5NDI0MzM5Mjc=', 2, '油麦菜	400g\r，姜丝	少许\r，盐	\r，糖适量\r，生抽半勺', '油麦菜炒的时间不能过长，断生即可，否则会影响成菜的口感和鲜艳的色泽。', '油麦菜炒的时间不能过长，断生即可，否则会影响成菜的口感和鲜艳的色泽。'),
(73, '红烧排骨', 5, 35, 'http://119.29.137.109/tp/uploads/591c47191ca31.jpg', '红烧排骨，家常菜。此菜味道香咸，排骨酥烂，色泽金红。男女老少人都可食用。适宜于 气血不足，阴虚纳差者；湿热痰滞内蕴者慎服；肥胖、血脂较高者不宜多食。', 0, 1, 0, '2017-05-17 20:50:33', 'MTg5NDI0MzM5Mjc=', 2, '原料：排骨400克；\r\n调料：姜片5克、葱花3克、桂皮4克、八角2颗、草菇老抽1大匙、花雕酒1大匙', '猪肉不宜与乌 梅、甘草、鲫鱼、虾、鸽肉、田螺、杏仁、驴肉、羊肝、香菜、甲鱼、菱角、荞麦、鹌鹑肉、牛肉同食 。食用猪肉后不宜大量饮茶。', '猪肉不宜与乌 梅、甘草、鲫鱼、虾、鸽肉、田螺、杏仁、驴肉、羊肝、香菜、甲鱼、菱角、荞麦、鹌鹑肉、牛肉同食 。食用猪肉后不宜大量饮茶。'),
(74, '黄花鱼', 0, 36, 'http://119.29.137.109/tp/uploads/591c47dddd3b2.jpg', '黄鱼含有丰富的蛋白质、矿物质和维生素，对人体有很好的补益作用，对体质虚弱和中老年人来说，食用黄鱼会收到很好的食疗效果。', 0, 1, 0, '2017-05-17 20:53:49', 'MTg5NDI0MzM5Mjc=', 1, '主料：黄花鱼1尾\r\n配料：蒸鱼豉油（或生抽）、生姜、葱', '因黄鱼多脂，荞麦性寒难消、动热风，都是不易消化之物。黄鱼味甘性平有小毒，多食难消化，荞麦性寒难消，食之动热风，两者都为不易消化之物，同食难消化，有伤肠胃。', '因黄鱼多脂，荞麦性寒难消、动热风，都是不易消化之物。黄鱼味甘性平有小毒，多食难消化，荞麦性寒难消，食之动热风，两者都为不易消化之物，同食难消化，有伤肠胃。'),
(75, '干锅虾', 0, 25, 'http://119.29.137.109/tp/uploads/591c495f3aba9.jpg', '虾营养丰富，且其肉质松软，易消化，对身体虚弱以及病后需要调养的人是极好的食物。', 0, 1, 0, '2017-05-17 21:00:15', 'MTg5NDI0MzM5Mjc=', 1, '大虾半斤、猪里脊肉三两、香菇三两、大葱白三两、香菜半两、泡辣四、五个、香辣酱两大匙、蚝油两大匙、油辣椒两大匙、花椒15克、老姜一块、独蒜两个、八角两敉、香叶四、五片、白糖一咖啡匙、淀粉一匙、料酒三大匙', '虾可以与燕麦、韭菜花、白菜（做熟的）、葱、香菜、豆苗、枸杞子、豆腐同食，不可以与西瓜、猪肉、南瓜、西红柿、猕猴桃、百合、菜花、浓茶共食以免引起身体不适或中毒。', '虾可以与燕麦、韭菜花、白菜（做熟的）、葱、香菜、豆苗、枸杞子、豆腐同食，不可以与西瓜、猪肉、南瓜、西红柿、猕猴桃、百合、菜花、浓茶共食以免引起身体不适或中毒。'),
(76, '鱼香肉丝', 6, 25, 'http://119.29.137.109/tp/uploads/591c4bf0c72df.jpg', '鱼香肉丝（英文名：Stir-fried Pork Strips in Fish Sauce）是一道特色传统名菜，以鱼香调味而得名，属川菜。相传灵感来自老菜泡椒肉丝，民国年间由四川籍厨师创制而成。', 0, 1, 0, '2017-05-17 21:11:12', 'MTM0MzM0NDcxMjQ=', 2, '里脊、冬笋、黑木耳、胡萝卜、玉兰片、葱、蒜、姜、剁椒、肉汤', '不宜与乌梅、甘草、鲫鱼、虾、鸽肉、田螺、杏仁、驴肉、羊肝、香菜、甲鱼、菱角、荞麦、鹌鹑肉、牛肉同食。', '不宜与乌梅、甘草、鲫鱼、虾、鸽肉、田螺、杏仁、驴肉、羊肝、香菜、甲鱼、菱角、荞麦、鹌鹑肉、牛肉同食。'),
(77, '香辣藕片', 6, 18, 'http://119.29.137.109/tp/uploads/591c4c923a797.jpg', '香辣藕片是由莲藕等为主要食材做成的一道菜品，属于家常菜。', 0, 0, 0, '2017-05-17 21:13:54', 'MTM0MzM0NDcxMjQ=', 2, '莲藕、生抽、醋、油辣椒、花椒油、蒜泥、味精、香菜、盐、糖、香油。', '清热凉血：莲藕生用性寒，有清热凉血作用，可用来治疗热性病症；莲藕味甘多液、对热病口渴、衄血、咯血、下血者尤为有益。', '清热凉血：莲藕生用性寒，有清热凉血作用，可用来治疗热性病症；莲藕味甘多液、对热病口渴、衄血、咯血、下血者尤为有益。'),
(78, '娃娃菜', 6, 12, 'http://119.29.137.109/tp/uploads/591c4d1ea993b.jpg', '娃娃菜（Baby Chinese Cabbage 或 Baby Cabbage，译法尚待统一），又称微型大白菜，是从日本（一说韩国）引进的一款蔬菜新品种，近几年开始在国内受到青睐。外形与大白菜一致，但外形尺寸仅相当于大白菜的四分之一到五分之一，类似大白菜的“仿真微缩版”，故可能因此被称为娃娃菜。', 0, 1, 0, '2017-05-17 21:16:14', 'MTM0MzM0NDcxMjQ=', 2, '娃娃菜（3颗）、皮蛋（2只）、青椒（1只）、红椒（1只）、红枣（5只）、枸杞（1汤匙）、蒜（2瓣）、姜（2片）、葱（1根）、高汤（3杯）　调料：油（3汤匙）、盐（1/4汤匙）、\r\n 鸡粉（1/3汤匙）', '　娃娃菜的食材运用广泛，成本低，叶子上的凹凸面能更好的挂住柠檬酱油沙拉汁，拌制烤鱼片口味更好，选食材更方便', '　娃娃菜的食材运用广泛，成本低，叶子上的凹凸面能更好的挂住柠檬酱油沙拉汁，拌制烤鱼片口味更好，选食材更方便'),
(79, '甜酸鱼', 6, 24, 'http://119.29.137.109/tp/uploads/591c4deedcd03.jpg', '甜酸鱼是一款家常菜品，制作原料主要有鲜鱼、面粉等。', 0, 1, 0, '2017-05-17 21:19:43', 'MTM0MzM0NDcxMjQ=', 2, '适量油　适量盐　适量生粉　适量酱油　适量糖　适量酒　适量葱　适量姜　适量番茄酱　适量酸（可选酸橙汁，柠檬酸，苹果酸等等食用酸）', '如果想再好看点，口感好点，可以在面粉里加入鸡蛋，更加金黄。过程不一样，出来口感也不一样。', '如果想再好看点，口感好点，可以在面粉里加入鸡蛋，更加金黄。过程不一样，出来口感也不一样。'),
(80, '南瓜饼', 6, 26, 'http://119.29.137.109/tp/uploads/591c50dcba93f.jpg', '南瓜饼是一道传统菜式，主要是以南瓜为原料做成的饼，酥软甜糯，香味醇厚，润肺健脾，镇咳化痰。适用于肺燥咳嗽、脓痰等症。', 0, 1, 0, '2017-05-17 21:32:12', 'MTc2MDY2Nzg4NDE=', 2, '南瓜、牛奶、豆沙、糯米粉、干果', '做南瓜饼也好做番薯饼也好，一定要剩热压成泥，热时加入白糖和黄油，这样可以充分溶化。', '做南瓜饼也好做番薯饼也好，一定要剩热压成泥，热时加入白糖和黄油，这样可以充分溶化。'),
(81, '手撕干包菜', 7, 18, 'http://119.29.137.109/tp/uploads/591c51698d073.jpg', '手撕包菜是一道色香味俱全的汉族名菜，属于湘菜系。此菜红白相间，麻辣鲜香，爽脆清甜，除了可开胃增食欲外，还有美白祛斑、预防感冒和胃溃疡等作用。以小青包菜、蒜片、葱段、茶油、盐、味精、鸡精、日本酱油、高汤、醋等制作而成。', 0, 1, 0, '2017-05-17 21:34:33', 'MTc2MDY2Nzg4NDE=', 1, '包菜', '肺胃发炎者少食', '肺胃发炎者少食'),
(82, '宫保鸡丁', 3, 28, 'http://119.29.137.109/tp/uploads/591d1909995c6.jpg', '鸡丁细嫩，花生米酥脆，香辣可口', 0, 1, 0, '2017-05-18 11:46:18', 'MTM3MTQ3OTgxNjc=', 1, '鸡肉、花生米等等', '火候一定要足', '火候一定要足');

-- --------------------------------------------------------

--
-- 表的结构 `need`
--

CREATE TABLE `need` (
  `need_id` int(20) NOT NULL COMMENT '需求编号',
  `user_token` varchar(100) NOT NULL COMMENT '用户编号',
  `need_title` varchar(100) NOT NULL COMMENT '需求标题',
  `need_content` varchar(255) NOT NULL COMMENT '需求内容',
  `need_price` double NOT NULL COMMENT '价格',
  `response_time` float NOT NULL COMMENT '响应时间',
  `expect_time` time NOT NULL,
  `need_type` tinyint(4) NOT NULL COMMENT '需求的类型',
  `need_status` tinyint(1) NOT NULL DEFAULT '1' COMMENT '需求状态是否已经交易',
  `pub_time` datetime NOT NULL DEFAULT CURRENT_TIMESTAMP COMMENT '需求发布时间'
) ENGINE=InnoDB DEFAULT CHARSET=utf8;

--
-- 转存表中的数据 `need`
--

INSERT INTO `need` (`need_id`, `user_token`, `need_title`, `need_content`, `need_price`, `response_time`, `expect_time`, `need_type`, `need_status`, `pub_time`) VALUES
(4, '1231', '跑步', 'need_content', 0, 0, '00:00:00', 0, 1, '2017-04-10 20:09:07'),
(8, 'MTIz', 'title', 'need_content', 0, 0, '00:00:00', 1, 1, '2017-04-13 21:31:02'),
(9, 'MTIz', 'title', 'need_content', 0, 0, '00:00:00', 1, 1, '2017-04-13 21:33:10'),
(13, 'MTg5NDI0MzM5Mjc=', '接孩子', '帮我接孩子', 100, 5.5, '05:19:00', 1, 1, '2017-04-19 11:00:40'),
(14, 'MTIz', '扫地', '扫快点', 100, 1.5, '18:19:00', 1, 2, '2017-04-19 15:11:26'),
(15, 'MTIz', '拖地', '拖快点', 50, 2.5, '19:17:00', 1, 1, '2017-04-19 15:15:57'),
(16, 'MTg5NDI0MzM5Mjc=', '跑步', 'need_content', 250, 132123, '32:13:13', 0, 1, '2017-04-27 21:13:38'),
(17, 'MTIz', '顺风车', '你好', 58, 2, '00:39:00', 3, 1, '2017-04-30 21:39:59'),
(18, 'MTIz', '464514', '多喝点回电话', 50, 2.5, '18:40:00', 2, 1, '2017-04-30 21:40:37'),
(19, 'MTIz', '大口大口肯定', '多活动活动姐姐', 90, 2.5, '21:41:00', 2, 1, '2017-04-30 21:41:16'),
(20, 'MTM0MzM0NDcxMjQ=', '上班顺路求带', '明天去三水工业园有顺路可以带上我的吗', 50, 1, '08:20:00', 3, 1, '2017-05-17 21:22:29'),
(21, 'MTM0MzM0NDcxMjQ=', '擦玻璃', '擦玻璃，工作量不大，很快可以完成', 80, 1, '10:00:00', 1, 1, '2017-05-17 21:24:58'),
(22, 'MTc2MDY2Nzg4NDE=', '下班回小区求带', '六点下班有人顺路工业园吗', 30, 1, '18:00:00', 3, 1, '2017-05-17 21:37:54'),
(23, 'MTc2MDY2Nzg4NDE=', '下班回小区求带', '有人路过工业园顺路带我回去么', 20, 1, '18:05:00', 3, 1, '2017-05-17 21:51:11'),
(24, 'MTc2MDY2Nzg4NDE=', '洗碗', '碗不多', 30, 1, '10:45:00', 1, 1, '2017-05-18 10:45:42');

-- --------------------------------------------------------

--
-- 表的结构 `notice`
--

CREATE TABLE `notice` (
  `notice_id` int(20) NOT NULL COMMENT '公告编号',
  `notice_title` varchar(100) NOT NULL COMMENT '公告标题',
  `notice_content` varchar(255) NOT NULL COMMENT '公告内容',
  `notice_picture` varchar(100) DEFAULT NULL COMMENT '公告图片',
  `notice_time` datetime DEFAULT CURRENT_TIMESTAMP,
  `user_token` varchar(100) NOT NULL
) ENGINE=InnoDB DEFAULT CHARSET=utf8 COMMENT='公告表';

--
-- 转存表中的数据 `notice`
--

INSERT INTO `notice` (`notice_id`, `notice_title`, `notice_content`, `notice_picture`, `notice_time`, `user_token`) VALUES
(1, 'notice_title', 'notice_content', NULL, NULL, '0'),
(2, 'notice_title', 'notice_content', NULL, NULL, '0'),
(3, 'notice_title', 'notice_content', NULL, NULL, '0'),
(4, 'notice_title', 'notice_content', NULL, NULL, '0'),
(5, 'notice_title', 'notice_content', NULL, NULL, '0'),
(6, 'notice_title', 'notice_content', 'notice_picture', '2017-04-10 20:56:22', '0');

-- --------------------------------------------------------

--
-- 表的结构 `order_comment`
--

CREATE TABLE `order_comment` (
  `comment_Id` int(10) NOT NULL COMMENT '评价编号',
  `user_token` varchar(100) NOT NULL COMMENT '评价用户    编号',
  `comment_content` varchar(255) NOT NULL COMMENT '评价内容',
  `comment_describe` tinyint(1) NOT NULL,
  `comment_service` tinyint(1) NOT NULL,
  `comment_taste` tinyint(1) NOT NULL,
  `average` tinyint(4) NOT NULL,
  `id` int(11) NOT NULL COMMENT '交易的订单id',
  `order_id` int(10) NOT NULL COMMENT '饭菜订单编号',
  `comment_time` datetime NOT NULL DEFAULT CURRENT_TIMESTAMP
) ENGINE=InnoDB DEFAULT CHARSET=utf8 COMMENT='订单评价表';

--
-- 转存表中的数据 `order_comment`
--

INSERT INTO `order_comment` (`comment_Id`, `user_token`, `comment_content`, `comment_describe`, `comment_service`, `comment_taste`, `average`, `id`, `order_id`, `comment_time`) VALUES
(1, '0', '很好吃呀', 4, 4, 3, 2, 0, 2, '2017-04-21 15:19:05'),
(2, '0', '很好吃呀', 4, 4, 3, 5, 0, 2, '2017-04-21 15:19:05'),
(3, 'MQ==', '可以吧', 4, 4, 3, 4, 0, 43, '2017-04-21 15:19:05'),
(4, 'MTIzNA==', '下次再来的', 4, 4, 3, 2, 2, 43, '2017-04-21 15:19:05'),
(5, 'MTg5NDI0MzM5Mjc=', 'goog goog', 4, 4, 3, 3, 0, 43, '2017-04-21 15:19:05'),
(8, 'MTg5NDI0MzM5Mjc=', '老板真的好棒呀第二次评价', 3, 5, 4, 4, 11, 43, '2017-04-26 12:33:04'),
(9, 'MTg5NDI0MzM5Mjc=', '老板真的好棒呀第二次评价', 3, 5, 4, 4, 3, 43, '2017-04-28 14:18:18');

-- --------------------------------------------------------

--
-- 表的结构 `shopping_cart`
--

CREATE TABLE `shopping_cart` (
  `sc_id` int(11) NOT NULL,
  `user_token` varchar(100) NOT NULL,
  `order_id` int(11) NOT NULL,
  `order_title` varchar(100) NOT NULL,
  `order_pic` varchar(255) NOT NULL,
  `order_price` double NOT NULL,
  `order_allPrice` double NOT NULL,
  `order_type` tinyint(1) NOT NULL DEFAULT '1',
  `order_num` int(11) NOT NULL DEFAULT '1'
) ENGINE=InnoDB DEFAULT CHARSET=utf8;

--
-- 转存表中的数据 `shopping_cart`
--

INSERT INTO `shopping_cart` (`sc_id`, `user_token`, `order_id`, `order_title`, `order_pic`, `order_price`, `order_allPrice`, `order_type`, `order_num`) VALUES
(43, 'MTIz', 10, '猪肉', 'http://119.29.137.109/tp/uploads/58f2046a1edd8.jpg', 100, 300, 1, 3),
(44, 'MTM0MzM0NDcxMjQ=', 10, '123', 'http://119.29.137.109/tp/uploads/590184a97a888.jpg', 123, 100, 2, 1),
(45, 'MTM0MzM0NDcxMjQ=', 10, '猪肉', 'http://119.29.137.109/tp/uploads/58f2046a1edd8.jpg', 100, 100, 1, 1),
(46, 'MTM0MzM0NDcxMjQ=', 10, '鱼香肉丝', 'http://119.29.137.109/tp/uploads/591c4bf0c72df.jpg', 25, 100, 1, 1),
(48, 'MTg5NDI0MzM5Mjc=', 77, '甜酸鱼', 'http://119.29.137.109/tp/uploads/591c4deedcd03.jpg', 24, 18, 1, 1),
(49, 'MTg5NDI0MzM5Mjc=', 77, '香辣藕片', 'http://119.29.137.109/tp/uploads/591c4c923a797.jpg', 18, 18, 0, 1),
(79, 'MTc2MDY2Nzg4NDE=', 79, '红烧排骨', 'http://119.29.137.109/tp/uploads/591c47191ca31.jpg', 35, 24, 1, 1),
(80, 'MTc2MDY2Nzg4NDE=', 79, '甜酸鱼', 'http://119.29.137.109/tp/uploads/591c4deedcd03.jpg', 24, 24, 1, 1),
(81, 'MTc2MDY2Nzg4NDE=', 79, '手撕干包菜', 'http://119.29.137.109/tp/uploads/591c51698d073.jpg', 18, 24, 1, 1),
(84, 'MTc2MDY2Nzg4NDE=', 79, '白切鸡', 'http://119.29.137.109/tp/uploads/591c453cba5ab.jpg', 38, 24, 1, 1),
(85, 'MTc2MDY2Nzg4NDE=', 79, '香辣藕片', 'http://119.29.137.109/tp/uploads/591c4c923a797.jpg', 18, 24, 0, 1),
(86, 'MTM3MTQ3OTgxNjc=', 80, '南瓜饼', 'http://119.29.137.109/tp/uploads/591c50dcba93f.jpg', 26, 26, 1, 1);

-- --------------------------------------------------------

--
-- 表的结构 `topic`
--

CREATE TABLE `topic` (
  `topic_id` int(20) NOT NULL COMMENT '话题编号',
  `topic_title` varchar(100) NOT NULL COMMENT '话题标题',
  `topic_content` varchar(255) NOT NULL COMMENT '话题内容',
  `topic_picture` varchar(100) DEFAULT NULL COMMENT '话题图片',
  `user_token` varchar(20) NOT NULL COMMENT '发布用户编号',
  `comment_num` int(100) NOT NULL COMMENT '评论数',
  `pub_topic_time` datetime NOT NULL DEFAULT CURRENT_TIMESTAMP,
  `topic_status` int(1) NOT NULL DEFAULT '1'
) ENGINE=InnoDB DEFAULT CHARSET=utf8;

--
-- 转存表中的数据 `topic`
--

INSERT INTO `topic` (`topic_id`, `topic_title`, `topic_content`, `topic_picture`, `user_token`, `comment_num`, `pub_topic_time`, `topic_status`) VALUES
(30, '123', '1233131', 'http://119.29.137.109/tp/uploads/590c2e8524c01.jpg', 'MTI=', 6, '2017-05-05 15:49:25', 0),
(31, '明天去爬山吧', '好的呢', 'http://119.29.137.109/tp/uploads/590c672b3df12.jpg', 'MTIz', 7, '2017-05-05 19:51:07', 0),
(32, '明天讲ppt啦', '加油哦', 'http://119.29.137.109/tp/uploads/590c72e96268d.jpg', 'MTIz', 7, '2017-05-05 20:41:13', 0),
(33, '明天去游泳', '是的  明天一定要去', 'http://119.29.137.109/tp/uploads/590d82a506b82.jpg', 'MTIzNA==', 7, '2017-05-06 16:00:37', 1),
(34, '想出去旅游求推荐', '有什么旅游景点推荐的吗', 'http://119.29.137.109/tp/uploads/591c4af5621c3.jpg', 'MTM0MzM0NDcxMjQ=', 7, '2017-05-17 21:07:01', 1),
(35, '明天不知道吃什么', '求推荐', 'http://119.29.137.109/tp/uploads/591c5303f049a.jpg', 'MTc2MDY2Nzg4NDE=', 7, '2017-05-17 21:41:23', 1);

-- --------------------------------------------------------

--
-- 表的结构 `topic_comment`
--

CREATE TABLE `topic_comment` (
  `comment_id` int(20) NOT NULL,
  `content` varchar(255) NOT NULL,
  `topic_id` int(20) NOT NULL,
  `user_token` varchar(100) NOT NULL,
  `comment_time` datetime NOT NULL DEFAULT CURRENT_TIMESTAMP
) ENGINE=InnoDB DEFAULT CHARSET=utf8;

--
-- 转存表中的数据 `topic_comment`
--

INSERT INTO `topic_comment` (`comment_id`, `content`, `topic_id`, `user_token`, `comment_time`) VALUES
(3, '', 0, '111122', '0000-00-00 00:00:00'),
(4, '我是评论', 2, 'MTg5NDI0MzM5Mjc=', '2017-04-20 00:00:00'),
(5, '我要去', 2, 'MTIzNA==', '2017-04-12 03:09:13'),
(6, '很好玩', 2, 'MQ==', '2017-04-18 05:14:09'),
(7, '不好玩', 2, '111122', '2017-04-10 21:39:32'),
(8, 'content', 2, '111122', '2017-04-13 21:27:36'),
(9, 'content', 465465, '111122', '2017-04-13 21:28:16'),
(10, 'content', 4654, '111122', '2017-04-13 21:41:17'),
(11, '我是黎合明我来水贴了', 2, 'MTg5NDI0MzM5Mjc=', '2017-04-21 16:42:20'),
(12, '就斤斤计较', 2, 'MTIz', '2017-04-21 19:55:19'),
(13, '我是bigthou，我会ky success的', 2, 'MTg5NDI0MzM5Mjc=', '2017-04-21 20:30:11'),
(25, 'sun ', 2, 'MTg5NDI0MzM5Mjc=', '2017-04-21 20:32:17'),
(26, '很好很好', 2, 'MTIz', '2017-04-21 21:07:07'),
(27, '很想吃', 2, 'MTIz', '2017-04-21 21:33:40'),
(28, '黑龙江寂寞', 2, 'MTIz', '2017-04-21 21:34:54'),
(29, '我想吃饭[拜拜][悲伤][鄙视]', 2, 'MTIz', '2017-04-21 21:40:10'),
(30, '[拜拜][鄙视][顶][哈欠][哈欠][顶]', 5, 'MTIz', '2017-04-21 21:43:34'),
(32, '结结巴巴', 2, 'MTIz', '2017-04-22 17:52:57'),
(33, 'ddd', 2, 'MTIz', '2017-04-24 10:46:04'),
(34, 'hhnnn', 2, 'MTIz', '2017-04-24 10:47:42'),
(35, 'hhhhhhh', 2, 'MTIz', '2017-04-24 10:47:56'),
(36, '3333', 2, 'MTIz', '2017-04-24 10:48:26'),
(37, 'ghjjhbv', 2, 'MTIz', '2017-04-24 10:49:03'),
(38, 'ggfc', 2, 'MTIz', '2017-04-24 10:49:24'),
(39, '到此一游', 4, 'MTIz', '2017-04-24 13:45:53'),
(44, '咿呀咿呀哟', 10, 'MTIz', '2017-04-26 11:47:52'),
(45, '拒绝就拒绝', 10, 'MTIz', '2017-04-26 11:48:14'),
(46, '[奥特曼][奥特曼][奥特曼]', 10, 'MTIz', '2017-04-26 11:50:02'),
(47, '[奥特曼][奥特曼][奥特曼][奥特曼]', 12, 'MTIz', '2017-04-26 11:51:57'),
(49, '111', 16, 'MTIz', '2017-04-26 11:55:16'),
(50, '123', 27, 'MTIz', '2017-04-26 16:11:44'),
(51, '123', 27, 'MTIz', '2017-04-26 16:11:44'),
(53, '123', 67, 'MTIz', '2017-04-26 22:20:00'),
(54, '那就走吧', 16, 'MTIz', '2017-04-27 11:59:32'),
(60, '123', 39, 'MTIz', '2017-04-27 20:37:49'),
(61, '1223', 40, 'MTIz', '2017-04-27 20:43:57'),
(62, '[doge][doge]', 10, 'MTIz', '2017-04-28 11:58:48'),
(63, '[飞机]', 10, 'MTIz', '2017-04-28 11:59:02'),
(69, '123', 14, 'MTIz', '2017-04-28 17:22:47'),
(88, ' 890', 11, 'MTIz', '2017-04-28 17:41:56'),
(90, '123', 4, 'MTIz', '2017-05-02 09:17:08'),
(91, '13', 6, 'MTIz', '2017-05-02 09:24:28'),
(92, '1233', 8, 'MTIz', '2017-05-02 10:22:32'),
(93, '1233', 29, 'MTIz', '2017-05-05 14:58:07'),
(94, '你等一会', 29, 'MTIz', '2017-05-05 14:58:17'),
(108, '464848', 30, 'MTI=', '2017-05-05 17:48:22'),
(109, '在不在不抱着你睡', 30, 'MTI=', '2017-05-05 17:48:26'),
(110, '就像那些你在哪', 30, 'MTI=', '2017-05-05 17:48:39'),
(111, '手上嫁鸡随鸡', 30, 'MTIz', '2017-05-05 17:50:22'),
(112, '我是大神，我会ky success的', 31, 'MTg5NDI0MzM5Mjc=', '2017-05-05 20:08:10'),
(113, '45566', 30, 'MTIz', '2017-05-05 20:09:49'),
(114, '12385', 32, 'MTIz', '2017-05-05 20:46:44'),
(118, '好吧', 33, 'MTIzNA==', '2017-05-11 10:14:15'),
(119, '[爱你]', 33, 'MTIz', '2017-05-16 15:30:09'),
(121, '[爱你]', 33, 'MTIz', '2017-05-16 15:30:12'),
(125, '[爱你]爬白云山', 34, 'MTc2MDY2Nzg4NDE=', '2017-05-17 21:26:31'),
(126, '大家想去的报名啊！', 33, 'MTIzNA==', '2017-05-17 21:51:50'),
(127, '大家想去的报名啊！', 33, 'MTIzNA==', '2017-05-17 21:51:51'),
(128, '吃烧鸡呀 多好吃呢[爱你]', 35, 'MTIzNA==', '2017-05-17 22:28:49'),
(130, '123', 33, 'MTM3MTQ3OTgxNjc=', '2017-05-18 14:26:31');

-- --------------------------------------------------------

--
-- 表的结构 `user`
--

CREATE TABLE `user` (
  `user_id` int(10) NOT NULL COMMENT '用户编号 主键 唯一标识',
  `user_phone` varchar(100) NOT NULL COMMENT '用户手机号码',
  `user_pass` varchar(100) NOT NULL COMMENT '用户密码',
  `user_name` varchar(100) DEFAULT '' COMMENT '用户姓名',
  `user_token` varchar(100) DEFAULT '' COMMENT '用户令牌',
  `user_icon` varchar(100) DEFAULT 'http://119.29.137.109/tp/uploads/590c20a73c66f.jpg' COMMENT '用户头像名',
  `user_alias` varchar(100) DEFAULT '' COMMENT '用户昵称',
  `user_sex` tinyint(1) DEFAULT '0' COMMENT '用户性别',
  `user_age` tinyint(1) DEFAULT '8' COMMENT '用户年龄段',
  `user_education` varchar(100) DEFAULT '' COMMENT '用户的学历',
  `user_skill` varchar(100) DEFAULT '' COMMENT '用户特长擅长的技能',
  `user_hobby` varchar(100) DEFAULT '' COMMENT '用户兴趣爱好',
  `user_address` varchar(100) DEFAULT '' COMMENT '用户地址',
  `user_money` double(12,0) UNSIGNED DEFAULT '0' COMMENT '用户余额，双精度数据类型',
  `user_card` varchar(100) DEFAULT '' COMMENT '银行卡号',
  `user_coupon` varchar(100) DEFAULT '' COMMENT '优惠券',
  `is_cooking` tinyint(1) DEFAULT '0' COMMENT '是否是厨师',
  `is_manager` tinyint(1) DEFAULT '0' COMMENT '是否是管理员',
  `longitude` double DEFAULT '0' COMMENT '经度值 double',
  `latitude` double DEFAULT '0' COMMENT '纬度值 doudle',
  `area` varchar(255) DEFAULT NULL COMMENT '国家省份城市区',
  `reg_time` datetime NOT NULL DEFAULT CURRENT_TIMESTAMP COMMENT '注册时间'
) ENGINE=InnoDB DEFAULT CHARSET=utf8 COMMENT='用户信息表';

--
-- 转存表中的数据 `user`
--

INSERT INTO `user` (`user_id`, `user_phone`, `user_pass`, `user_name`, `user_token`, `user_icon`, `user_alias`, `user_sex`, `user_age`, `user_education`, `user_skill`, `user_hobby`, `user_address`, `user_money`, `user_card`, `user_coupon`, `is_cooking`, `is_manager`, `longitude`, `latitude`, `area`, `reg_time`) VALUES
(40, '18942433927', 'a665a45920422f9d417e4867efdc4fb8a04a1f3fff1fa07e998e86f7f7a27ae3', '黎合明', 'MTg5NDI0MzM5Mjc=', 'http://119.29.137.109/tp/uploads/591c45992a7e6.jpg', 'haily', 0, 18, NULL, NULL, NULL, '佛职小区', 7000, NULL, NULL, 1, 1, 112.986874, 23.257845, NULL, '2017-04-09 17:15:02'),
(43, '1234', '03ac674216f3e15c761ee1a5e255f067953623c8b388b4459e13f978d7c846f4', '小合', 'MTIzNA==', 'http://119.29.137.109/tp/uploads/59019c90c83c3.png', '小明', 0, 8, NULL, NULL, NULL, '山水广场3号', 0, NULL, NULL, 0, 0, 112.981056, 23.24012, '中国广东省佛山市三水区', '2017-04-10 19:46:29'),
(44, '123', 'a665a45920422f9d417e4867efdc4fb8a04a1f3fff1fa07e998e86f7f7a27ae3', '黎合明', 'MTIz', 'http://119.29.137.109/tp/uploads/590c20a73c66f.jpg', 'haily', 0, 80, '大专', '敲代码的小学', '打篮球的黎明', '佛职院职教路3号', 0, '456456132', '1', 1, 0, 112.983245, 23.241838, NULL, '2017-04-15 19:52:55'),
(45, '12', '6b51d431df5d7f141cbececcf79edf3dd861c3b4069f0b11661a3eefacbba918', '小黎', 'MTI=', 'http://119.29.137.109/tp/uploads/59019c90c83c3.png', NULL, 1, 80, '硕士', '电影', '打篮球', NULL, 0, NULL, NULL, 1, 1, 112.978962, 23.242414, '中国广东省佛山市三水区', '2017-04-15 19:55:09'),
(46, '1', '1', '小明', 'MQ==', 'http://10.5.12.125/tp/uploads/58f346e0b84c0.jpg', NULL, 1, NULL, NULL, NULL, NULL, NULL, 110, NULL, NULL, NULL, NULL, 0, 0, NULL, '2017-04-15 19:55:30'),
(47, '12345', '12345\r\n', '', '', NULL, NULL, 0, NULL, NULL, NULL, NULL, NULL, 0, NULL, NULL, NULL, NULL, 0, 0, NULL, '2017-04-15 20:05:43'),
(49, '123456', '123456', NULL, '', NULL, NULL, 0, NULL, NULL, NULL, NULL, NULL, 0, NULL, NULL, NULL, NULL, 0, 0, NULL, '2017-04-19 09:30:44'),
(50, '13433447124', 'a665a45920422f9d417e4867efdc4fb8a04a1f3fff1fa07e998e86f7f7a27ae3', '小嘉嘉', 'MTM0MzM0NDcxMjQ=', 'http://119.29.137.109/tp/uploads/591bb77db6176.jpg', '明', 0, NULL, NULL, NULL, NULL, 'D栋205', 0, NULL, NULL, 0, 0, 112.976976, 23.244678, '中国广东省佛山市三水区', '2017-04-20 21:31:04'),
(51, '189424325', '123', NULL, '', NULL, NULL, 0, NULL, NULL, NULL, NULL, NULL, 0, NULL, NULL, NULL, NULL, 0, 0, NULL, '2017-04-29 17:07:12'),
(52, '189424329', '123', NULL, '', NULL, NULL, 0, NULL, NULL, NULL, NULL, NULL, 0, NULL, NULL, 0, 0, 0, 0, NULL, '2017-04-29 17:08:00'),
(53, '78', '45', '', '', 'http://10.5.12.125/tp/uploads/590c20a73c66f.jpg', NULL, 0, 8, NULL, NULL, NULL, NULL, 0, NULL, NULL, 0, 0, 0, 0, NULL, '2017-05-08 15:57:09'),
(54, '18942433921', 'a665a45920422f9d417e4867efdc4fb8a04a1f3fff1fa07e998e86f7f7a27ae3', '', '', 'http://10.5.12.125/tp/uploads/590c20a73c66f.jpg', '', 0, 8, '', '', '', '', 0, '', '', 0, 0, 0, 0, NULL, '2017-05-09 11:26:58'),
(55, '15692021040', '05459ba7eb0060e56017911fcd609591c1b45506df820142ea8c59e6a5873478', '', '', 'http://119.29.137.109/tp/uploads/590c20a73c66f.jpg', '', 0, 8, '', '', '', '', 0, '', '', 0, 0, 0, 0, NULL, '2017-05-11 12:00:31'),
(56, '13714798167', '8d969eef6ecad3c29a3a629280e686cf0c3f5d5a86aff3ca12020c923adc6c92', 'SunshineTom', 'MTM3MTQ3OTgxNjc=', 'http://119.29.137.109/tp/uploads/590c20a73c66f.jpg', 'Tom', 0, 90, '大专', '', '', '广东省佛山市三水区乐平镇职教路3号', 0, '', '', 0, 0, 112.967751, 23.242115, '中国广东省佛山市三水区', '2017-05-16 21:11:37'),
(57, '17606678841', '15e2b0d3c33891ebb0f1ef609ec419420c20e320ce94c65fbc8c3312448eb225', '李雷', 'MTc2MDY2Nzg4NDE=', 'http://119.29.137.109/tp/uploads/591c528601524.jpg', '阿雷', 0, 90, '大专', '', '', 'D325', 1258, '', '', 0, 0, 112.990796, 23.249465, '中国广东省佛山市三水区', '2017-05-17 20:48:07'),
(58, '17688244550', 'a665a45920422f9d417e4867efdc4fb8a04a1f3fff1fa07e998e86f7f7a27ae3', '黎合明', 'MTc2ODgyNDQ1NTA=', 'http://119.29.137.109/tp/uploads/590c20a73c66f.jpg', '', 0, 80, '', '', '', 'D栋552', 0, '', '', 0, 0, 112.987141, 23.232642, '中国广东省佛山市三水区', '2017-05-18 21:10:24');

--
-- Indexes for dumped tables
--

--
-- Indexes for table `ad_photo`
--
ALTER TABLE `ad_photo`
  ADD PRIMARY KEY (`id`);

--
-- Indexes for table `address_manager`
--
ALTER TABLE `address_manager`
  ADD PRIMARY KEY (`id`);

--
-- Indexes for table `eat_food`
--
ALTER TABLE `eat_food`
  ADD PRIMARY KEY (`id`);

--
-- Indexes for table `eat_order`
--
ALTER TABLE `eat_order`
  ADD PRIMARY KEY (`order_id`);

--
-- Indexes for table `food_order`
--
ALTER TABLE `food_order`
  ADD PRIMARY KEY (`id`);

--
-- Indexes for table `make_order`
--
ALTER TABLE `make_order`
  ADD PRIMARY KEY (`order_id`);

--
-- Indexes for table `need`
--
ALTER TABLE `need`
  ADD PRIMARY KEY (`need_id`);

--
-- Indexes for table `notice`
--
ALTER TABLE `notice`
  ADD PRIMARY KEY (`notice_id`);

--
-- Indexes for table `order_comment`
--
ALTER TABLE `order_comment`
  ADD PRIMARY KEY (`comment_Id`);

--
-- Indexes for table `shopping_cart`
--
ALTER TABLE `shopping_cart`
  ADD PRIMARY KEY (`sc_id`);

--
-- Indexes for table `topic`
--
ALTER TABLE `topic`
  ADD PRIMARY KEY (`topic_id`);

--
-- Indexes for table `topic_comment`
--
ALTER TABLE `topic_comment`
  ADD PRIMARY KEY (`comment_id`);

--
-- Indexes for table `user`
--
ALTER TABLE `user`
  ADD PRIMARY KEY (`user_id`),
  ADD UNIQUE KEY `user_phone` (`user_phone`);

--
-- 在导出的表使用AUTO_INCREMENT
--

--
-- 使用表AUTO_INCREMENT `ad_photo`
--
ALTER TABLE `ad_photo`
  MODIFY `id` int(10) NOT NULL AUTO_INCREMENT, AUTO_INCREMENT=8;
--
-- 使用表AUTO_INCREMENT `address_manager`
--
ALTER TABLE `address_manager`
  MODIFY `id` int(11) NOT NULL AUTO_INCREMENT COMMENT '编号', AUTO_INCREMENT=9;
--
-- 使用表AUTO_INCREMENT `eat_food`
--
ALTER TABLE `eat_food`
  MODIFY `id` int(10) NOT NULL AUTO_INCREMENT COMMENT '菜品编号', AUTO_INCREMENT=235;
--
-- 使用表AUTO_INCREMENT `eat_order`
--
ALTER TABLE `eat_order`
  MODIFY `order_id` int(10) NOT NULL AUTO_INCREMENT COMMENT '订单编号', AUTO_INCREMENT=104;
--
-- 使用表AUTO_INCREMENT `food_order`
--
ALTER TABLE `food_order`
  MODIFY `id` int(10) NOT NULL AUTO_INCREMENT COMMENT '生成的订单编号', AUTO_INCREMENT=133;
--
-- 使用表AUTO_INCREMENT `make_order`
--
ALTER TABLE `make_order`
  MODIFY `order_id` int(10) NOT NULL AUTO_INCREMENT COMMENT '订单编号', AUTO_INCREMENT=83;
--
-- 使用表AUTO_INCREMENT `need`
--
ALTER TABLE `need`
  MODIFY `need_id` int(20) NOT NULL AUTO_INCREMENT COMMENT '需求编号', AUTO_INCREMENT=25;
--
-- 使用表AUTO_INCREMENT `notice`
--
ALTER TABLE `notice`
  MODIFY `notice_id` int(20) NOT NULL AUTO_INCREMENT COMMENT '公告编号', AUTO_INCREMENT=7;
--
-- 使用表AUTO_INCREMENT `order_comment`
--
ALTER TABLE `order_comment`
  MODIFY `comment_Id` int(10) NOT NULL AUTO_INCREMENT COMMENT '评价编号', AUTO_INCREMENT=10;
--
-- 使用表AUTO_INCREMENT `shopping_cart`
--
ALTER TABLE `shopping_cart`
  MODIFY `sc_id` int(11) NOT NULL AUTO_INCREMENT, AUTO_INCREMENT=87;
--
-- 使用表AUTO_INCREMENT `topic`
--
ALTER TABLE `topic`
  MODIFY `topic_id` int(20) NOT NULL AUTO_INCREMENT COMMENT '话题编号', AUTO_INCREMENT=36;
--
-- 使用表AUTO_INCREMENT `topic_comment`
--
ALTER TABLE `topic_comment`
  MODIFY `comment_id` int(20) NOT NULL AUTO_INCREMENT, AUTO_INCREMENT=131;
--
-- 使用表AUTO_INCREMENT `user`
--
ALTER TABLE `user`
  MODIFY `user_id` int(10) NOT NULL AUTO_INCREMENT COMMENT '用户编号 主键 唯一标识', AUTO_INCREMENT=59;
/*!40101 SET CHARACTER_SET_CLIENT=@OLD_CHARACTER_SET_CLIENT */;
/*!40101 SET CHARACTER_SET_RESULTS=@OLD_CHARACTER_SET_RESULTS */;
/*!40101 SET COLLATION_CONNECTION=@OLD_COLLATION_CONNECTION */;
